,index,secuencia,hospital,direccion,TipoInst,telefono,gerente,coordaph,telcoordaph,coordurg,telcoordurg,red,nivel,telgerente,entidad,nit,cod_verificacion,Region,ciudad
0,0,2,UNIDAD DE SERVICIOS DE SALUD CHAPINERO,CL 66 15 - 41,Pública,2102289,,,,,,Red Norte,1,,HOSPITAL CHAPINERO,830077652,4,Bogota,Bogota
1,1,3,UNIDAD DE SERVICIOS DE SALUD CHIRCALES,TV 5 J 48 F - 79 SUR,Pública,7697071,,,,,,Red Sur,1,7600688,HOSPITAL RAFAEL URIB,830077633,1,Bogota,Bogota
2,2,4,UNIDAD DE SERVICIOS DE SALUD DIANA TURBAY,KR 1 F 48 -76 SUR,Pública,7721757,,,,,,Red SUR,1,,HOSPITAL RAFAEL URIB,830077633,1,Bogota,Bogota
3,3,5,UNIDAD DE SERVICIOS DE SALUD EL CARMEN,CL 48 B 28 - 80 SUR,Pública,2307777,,,,,,Red Sur,2,,HOSPITAL TUNJUELITO,830077617,6,Bogota,Bogota
4,4,6,UNIDAD DE SERVICIOS DE SALUD EL GUAVIO,CL 6 5 - 07 Este,Pública,3 33 91 95 / 96 / 98,,,,,,Red Oriente,1,,HOSPITAL CENTRO ORIE,830077644,5,Bogota,Bogota
5,5,7,UNIDAD DE SERVICIOS DE SALUD EMAUS,CL 64 121-76 EL PUEBLITO ENGATIVA,Pública,4352505,,,,,,,1,2913300,HOSPITAL ENGATIVA,830077688,9,Bogota,Bogota
6,6,8,UNIDAD DE SERVICIOS DE SALUD ESTRADA,KR 69 P 64 - 08,Pública,2913300,,,,,,Red Occidente,1,,HOSPITAL ENGATIVA,830077688,9,Bogota,Bogota
7,7,9,UNIDAD DE SERVICIOS DE SALUD FERIAS,CL 76 64 - 08,Pública,,,,,,,Red Occidente,1,,HOSPITAL ENGATIVA,830077688,9,Bogota,Bogota
8,8,10,UNIDAD DE SERVICIOS DE SALUD GAITANA,KR 116 C 133 - 18,Pública,6880626,,,,,,Red Occidente,1,,HOSPITAL SUBA,800216883,7,Bogota,Bogota
9,9,11,UNIDAD DE SERVICIOS DE SALUD GARCES NAVAS,KR 107 75 B - 08,Pública,2 27 98 09,,,,,,Red Occidente,1,,HOSPITAL ENGATIVA,830077688,9,Bogota,Bogota
10,10,12,UNIDAD DE SERVICIOS DE SALUD JERUSALEN,CL 77 85 B - 13 SUR,Pública,7181949,,,,,,Red Sur,1,,HOSPITAL VISTA HERMO,800248276,3,Bogota,Bogota
11,11,13,UNIDAD DE SERVICIOS DE SALUD MANUELA BELTRAN,KR 45 C 69 - 21 SUR,Pública,7180602,,,,,,Red SUR,1,,HOSPITAL VISTA HERMO,800248276,3,Bogota,Bogota
12,12,14,UNIDAD DE SERVICIOS DE SALUD NAZARETH,CORREGIMIENTO DE NAZARETH,Pública,8480946,,,,,,Red Sur,1,,HOSPITAL NAZARETH,800217641,6,Bogota,Bogota
13,13,15,UNIDAD DE SERVICIOS DE SALUD OLAYA,KR 21 22 - 51 SUR,Pública,2399801,,,,,,Red SUR,1,,HOSPITAL RAFAEL URIB,830077633,1,Bogota,Bogota
14,14,16,UNIDAD DE SERVICIOS DE SALUD PABLO VI BOSA,KR 78 A BIS 69 B - 70 SUR,Pública,7196000,,,,,,Red SUR,1,,HOSPITAL PABLO VI BO,800219600,3,Bogota,Bogota
15,15,17,UNIDAD DE SERVICIOS DE SALUD PATIO BONITO TINTAL,CL 38 93 - 80 SUR,Pública,4547018,,,,,,Red Sur,1,,HOSPITAL DEL SUR,830077444,9,Bogota,Bogota
16,16,18,UNIDAD DE SERVICIOS DE SALUD PERSEVERANCIA,KR 5 33 A - 45,Pública,2882055,,,,,,Red Oriente,1,,HOSPITAL CENTRO ORIE,830077644,5,Bogota,Bogota
17,17,19,UNIDAD DE SERVICIOS DE SALUD PRADO VERANIEGO,CL 128 A 53 - 17,Pública,6 26 06 66 - 2 58 37 86,,,,,,Red Norte,1,,HOSPITAL SUBA,800216883,7,Bogota,Bogota
18,18,20,UNIDAD DE SERVICIOS DE SALUD SAMPER MENDOZA,KR 23 22 A - 26,Pública,3685449,,,,,,Red Oriente,1,2685221,HOSPITAL CENTRO ORIE,830077644,5,Bogota,Bogota
19,19,21,UNIDAD DE SERVICIOS DE SALUD SANTA LIBRADA I,KR 1 C 75 - 15 SUR ESTE,Pública,7621939,,,,,,Red SUR,1,,HOSPITAL DE USME,830010966,3,Bogota,Bogota
20,20,22,UNIDAD DE SERVICIOS DE SALUD SUBA,KR 92 147 C ? 20,Pública,6 85 54 09 - 6 85 54 10,,,,,,Red Occidente,1,,HOSPITAL SUBA,800216883,7,Bogota,Bogota
21,21,23,UNIDAD DE SERVICIOS DE SALUD TRINIDAD GALAN,KR 60 4 - 15,Pública,4202059,,,,,,Red SUR,1,,HOSPITAL DEL SUR,830077444,9,Bogota,Bogota
22,22,24,UNIDAD DE SERVICIOS DE SALUD USME,TV 2 A 135 - 78 SUR,Pública,7660666,,,,,,Red Sur,1,,HOSPITAL DE USME,830010966,3,Bogota,Bogota
23,23,25,UNIDAD DE SERVICIOS DE SALUD VENECIA,KR 54 47 A - 30 SUR,Pública,2040485,,,,,,Red SUR,2,,HOSPITAL TUNJUELITO,830077617,6,Bogota,Bogota
24,24,26,UNIDAD DE SERVICIOS DE SALUD VERBENAL,KR 18 A 187 - 91,Pública,6672929,,,,,,Red Norte,1,5262797,HOSPITAL USAQUEN,800216473,0,Bogota,Bogota
25,25,27,UNIDAD DE SERVICIOS DE SALUD VISTA HERMOSA,KR 18 F 74 - 20 SUR,Pública,5671713,,,,,,Red SUR,1,,HOSPITAL VISTA HERMO,800248276,3,Bogota,Bogota
26,26,28,CAU COMPLEJO AV 68,AV 68 13-71,Privada,6510540,,,,,,,1,,CORPORACION IPS CRUZ,830128856,1,Bogota,Bogota
27,27,29,CENTRO MEDICO QUIROGA COLSUBSIDIO,CL 38 sur 18-30,Privada,7651844,,,,,,,1,,,860007336,1,Bogota,Bogota
28,28,30,CLINICA CAFAM CALLE 51,CL 51 15 - 34,Privada,3105111,,,,,,,1,,CAFAM CALLE 51,860013570,3,Bogota,Bogota
29,29,31,CLINICA CAFAM FLORESTA,AK 68 90 - 88,Privada,6444985,GABRIEL QUIÃƒÆ’Ã¢â‚¬ËœONEZ SUAREZ,,,,,,1,,CAFAM FLORESTA,860013570,3,Bogota,Bogota
30,30,32,CLINICA CAFAM SUBA,TV 114 142 A - 90,Privada,6875150,GABRIEL QUIÃƒÆ’Ã¢â‚¬ËœONEZ SUAREZ,,,,,,1,,CAFAM SUBA,860013570,3,Bogota,Bogota
31,31,33,CLINICA CAMPO ABIERTO,KR 69 170-40,Privada,6701027 - 6702758,,,,,,,3,,,900188194,2,Bogota,Bogota
32,32,34,CLINICA CANDELARIA,KR 29 63 A - 11 SUR,Privada,7179131,EDUARDO ADOLFO COLMENARES PEDREROS,,,,,,2,,CLINICA CANDELARIA,830016163,3,Bogota,Bogota
33,33,35,NATIONAL CLINICS CENTENARIO SAS,CL 13 17-21,Privada,2347270,,,,,,,3,,,0,0,Bogota,Bogota
34,34,36,CLINICA UNIVERSITARIA COLOMBIA,CL 22 B 66 - 46,Privada,5948660,,,,,,,3,,CLINICA UNIVERSITARI,830014121,5,Bogota,Bogota
35,35,37,CLINICA DEL COUNTRY IPS,KR 16 82 - 57,Privada,5300470,CONSUELO DEL PILAR GONZALEZ PARDO,,,,,,3,,CLINICA COUNTRY,800225057,8,Bogota,Bogota
36,36,38,CLINICA DE ESPECIALISTAS,AV Caracas 29-51,Privada,2323100,,,,,,,3,,,0,0,Bogota,Bogota
37,37,39,CLINICA DE LA MUJER,KR 21 91 - 17,Privada,6161799,MONICA ALEXANDRA CUEVAS ESLAVA,,,,,,3,,CLINICA DE LA MUJER,800117564,8,Bogota,Bogota
38,38,40,HOSPITAL CENTRAL POLICIA NACIONAL,TV 45 40 - 13,Privada,2202600,NADER LUJAN AGAMEZ,,,,,,3,,CLINICA DE LA POLICI,830041314,1,Bogota,Bogota
39,39,41,CLINICA EL BOSQUE,AC 134 7 B - 41,Privada,6499300,RAFAEL ANTONIO SANCHEZ PARIS,,,,,,3,,CLINICA EL BOSQUE,830138802,5,Bogota,Bogota
40,40,42,CLINICA MATERNO INFANTIL EUSALUD,DG 54 16A16,Privada,5878087,,,,,,,3,,,800227072,8,Bogota,Bogota
41,41,43,EUSALUD CLINICA DE TRAUMATOLOGIA Y ORTOPEDIA,KR 78 3A 26,Privada,5878087,,,,,,,3,,,800227072,8,Bogota,Bogota
42,42,44,CLINICA FRAY BARTOLOME,TV 44 B 102 A - 91,Privada,5333877,,,,,,,3,,CLINICA FRAY BARTOLO,800196433,9,Bogota,Bogota
43,43,45,CLINICA FUNDADORES,KR 39 25 - 15,Privada,3350966,CLAUDIA CONSTANZA CASTILLO MELO,,,,,,2,,CLINICA FUNDADORES,860066191,2,Bogota,Bogota
44,44,47,CLINICA INFANTIL COLSUBSIDIO,CL 67 10 - 67,Privada,8268605,LUIS CARLOS ARANGO VELEZ,,,,,,1,,CLINICA COLSUBSIDIO ,860007336,1,Bogota,Bogota
45,45,48,CLINICA JUAN N CORPAS LTDA,AV CORPAS KM 3 SUBA VIA COTA,Privada,6853893,LUZ HELENA PIÃƒÆ’Ã¢â‚¬ËœEROS RICARDO,,,,,,2,,CLINICA SAN JUAN N C,830113849,2,Bogota,Bogota
46,46,49,ADMINISTRADORA CLINICA LA COLINA SAS,,Privada,,,,,,,Red Norte,3,,CLINICA LA COLINA,990182598,3,Bogota,Bogota
47,47,50,HERMANAS HOSPITALARIAS DEL SAGRADO CORAZON DE JESUS CLINICA LA INMACULADA,KR 7 68-70,Privada,5870366,,,,,,,3,,,860007760,1,Bogota,Bogota
48,48,51,CLINICA LOS NOGALES SAS,CL 95 23-61,Privada,5937000,,,,,,,3,,,0,0,Bogota,Bogota
49,49,52,NUEVA CLINICA MAGDALENA,CL 39 14-34,Privada,2853900,,,,,,,3,,CLINICA MAGDALENA,860066942,7,Bogota,Bogota
50,50,53,CLINICA DE MARLY,CL 50 9 - 67,Privada,3436600,JORGE CAVELIER GAVIRIA,,,,,,3,,CLINICA DE MARLY S.A,860002541,2,Bogota,Bogota
51,51,54,CLINICA MEDICAL S.A.S. PROINFO,,Privada,,,,,,,Red Sur,1,,MEDICAL PROINFO,830507718,8,Bogota,Bogota
52,52,56,CLINICA NICOLAS DE FEDERMAN,CL 58 A 37 - 10,Privada,2213400,CLAUDIA CONSTANZA CASTILLO MELO,,,,,,3,,CLINICA NICOLAS DE F,860066191,2,Bogota,Bogota
53,53,57,CLINICA NUESTRA SEÑORA DE LA PAZ,CL 13 68 F - 25,Privada,6514000,,,,,,,3,,CLINICA NUESTRA SE??,860015905,6,Bogota,Bogota
54,54,58,CLINICA NUEVA,KR 17 46 - 99,Privada,3274444,NOHEMY MARTIN CIFUENTES,,,,,,3,,CLINICA NUEVA,860010783,1,Bogota,Bogota
55,55,59,CLINICA DEL OCCIDENTE S.A.,AV DE LAS AMERICAS 71 C 29,Privada,4254620,EDGAR ALIRIO RUIZ LUENGA,,,,,,3,,CLINICA DEL OCCIDENT,860090566,1,Bogota,Bogota
56,56,60,CLINICA ORQUIDEAS,CL 163A 15-77,Privada,7460617,,,,,,,3,,,860007336,1,Bogota,Bogota
57,57,61,CLINICA ORTOPEDICA DE LAS AMERICAS,Carrera 70 #6A-03,Privada,,,,,,,Red Sur,2,,Clinica Ortopedica d,830101814,1,Bogota,Bogota
58,58,62,CLINICA PALERMO,CL 45 C 22 - 02,Privada,5708900,FANNY YOLANDA BARRANTES MUÃƒÆ’Ã¢â‚¬ËœOZ,,,,,,3,,CLINICA PALERMO,860006745,6,Bogota,Bogota
59,59,63,CLINICA INFANTIL SANTA MARIA DEL LAGO,CL 74 76 - 65,Privada,,,,,,,,3,,CLINICA SANTA MARIA,800085486,2,Bogota,Bogota
60,60,64,CLINICA POLICARPA,KR 10 1 - 07 SUR,Privada,5960240,,,,,,,2,,CLINICA POLICARPA CO,830106376,1,Bogota,Bogota
61,61,65,CLINICA REINA SOFIA,KR 31 125 A - 23,Privada,6252111,MARIO ARTURO ISAZA RUGET,,,,,,3,,CLINICA REINA SOFIA,800149384,6,Bogota,Bogota
62,62,66,CLINICA RETORNAR,AUTOPISTA NORTE No. 87-23,Privada,,,,,,,Red Norte,3,,CLINICA RETORNAR,800160827,1,Bogota,Bogota
63,63,67,CLINICA COLSUBSIDIO CIUDAD ROMA,CL 53 85 - 71 SUR,Privada,3431899,ALVARO MEDARDO SALCEDO SAAVEDRA,,,,,,1,,COLSUBSIDIO CIUDAD R,900237602,7,Bogota,Bogota
64,64,68,CLINICA SALUDCOOP 104,AV 13 104 - 55,Privada,5330699,JAVIER AGUDELO VALENCIA,,,,,,3,,SALUDCOOP 104,830106376,1,Bogota,Bogota
65,65,69,CLINICA SAN DIEGO,AV 33 14 37,Privada,2451510,ALVARO OTALORA GONZALEZ,,,,,,3,,CLINICA SAN DIEGO,830099212,1,Bogota,Bogota
66,66,70,CENTRO HOSPITALARIO SAN NICOLAS,KR 30 74-14,Privada,2315326,,,,,,,3,2315326,CLINICA SAN NICOLAS,830008241,6,Bogota,Bogota
67,67,71,HOSPITAL UNIVERSITARIO CLINICA SAN RAFAEL,KR 8 17 - 45 SUR,Privada,2729900,JUAN CARLOS TOVAR HUERTAS,,,,,,3,,CLINICA SAN RAFAEL,860015888,9,Bogota,Bogota
68,68,72,CLINICA SANTA BIBIANA,AV 127 16 A-27,Privada,6295952,,,,,,,3,,CORPORACION IPS CRUZ,830106376,1,Bogota,Bogota
69,69,73,CLINICA SANTA MARIA DEL NOGAL,KR 14 76 - 26,Privada,6185585,,,,,,,2,,CLINICA SANTA MARIA ,0,0,Bogota,Bogota
70,70,74,CLINICA SANTA TERESITA DEL NIÑO JESUS,KR 96C 21A 53,Privada,7436570,,,,,,,3,,,900211668,1,Bogota,Bogota
71,71,75,FUNDACION ABOOD SHAIO,DG 115 A 70 C - 75,Privada,6243211,CARLOS ALBERTO CARDONA MEJIA,,,,,,3,,FUNDACION ABOOD SHAI,860006656,9,Bogota,Bogota
72,72,76,CLINICA VASCULAR NAVARRA,AK 45 106 - 30,Privada,5231010,JORGE ALVARO MURCIA GOMEZ,,,,,,3,,CLINICA VASCULAR NAV,800247537,1,Bogota,Bogota
73,73,77,CLINICA VERAGUAS,CL 5 30 -34,Privada,5967540,,,,,,,2,,CLINICA VERAGUAS - C,830106376,1,Bogota,Bogota
74,74,78,CLINICA VIDELMEDICA,KR 45 A 94 71,Privada,6915870,,,,,,Red Occidente,3,6362615,CLINICA VIDELM??ÃƒÆ’,0,0,Bogota,Bogota
75,75,79,COMPENSAR KENNEDY,TV 78 H 41 C - 48 SUR,Privada,4039393,NESTOR RICARDO RODRIGUEZ ARDILA,,,,,,1,,COMPENSAR KENNEDY,860066942,1,Bogota,Bogota
76,76,80,FUNDACION CARDIO INFANTIL INSTITUTO DE CARDIOLOGIA,CL 163 A 28 - 60,Privada,6672727,CAMILO CABRERA POLANIA,,,,,,3,,FUNDACION CARDIO INF,860035992,1,Bogota,Bogota
77,77,81,FUNDACION SANTA FE DE BOGOTA,CL 119 7 - 75,Privada,6030303,ROBERTO ESGUERRA GUTIERREZ,,,,,,3,,FUNDACION SANTA FE D,860037950,2,Bogota,Bogota
78,78,82,HOSPITAL CARDIO VASCULAR DE SOACHA,KR 1 E 31-58 Soacha,Privada,7262000,,,,,,,3,,HOSPITAL CARDIOVASCU,0,0,Cundinamarca,Soacha
79,79,83,UNIDAD DE SERVICIOS DE SALUD BOSA,CL 63 A 85 - 90 SUR,Pública,7801954,,,,,,Red Occidente,2,7751735,HOSPITAL BOSA,800209710,1,Bogota,Bogota
80,80,84,UNIDAD DE SERVICIOS DE SALUD MEISSEN,CL 60 18 K - 13 SUR,Pública,7619082,,,,,,Red Sur,2,5687738,HOSPITAL MEISSEN,800220011,1,Bogota,Bogota
81,81,85,UNIDAD DE SERVICIOS DE SALUD ENGATIVA CALLE 80,KR 100 79 - 82,Pública,2913300,,,,,,Red Norte,2,2913300 ext. 1217,HOSPITAL ENGATIVA,830077688,1,Bogota,Bogota
82,82,86,UNIDAD DE SERVICIOS DE SALUD FONTIBON,KR 99 16 I - 41,Pública,4184446,,,,,,Red Occidente,1,,HOSPITAL FONTIBON,830077650,1,Bogota,Bogota
83,83,87,HOSPITAL INFANTIL UNIVERSITARIO DE SAN JOSE,KR 52 67 A-71,Privada,4377540,,4311540,,,4311540,,3,3485202,HOSPITAL INFANTIL UN,805000427,1,Bogota,Bogota
84,84,88,FUNDACION HOSPITAL DE LA MISERICORDIA,AV CARACAS 1 13,Privada,3811970,JULIO MAURICIO BARBERI ABADIA,,,,,,3,,HOSPITAL DE LA MISER,899999123,1,Bogota,Bogota
85,85,90,HOSPITAL MARIO GAITAN YANGUAS,CL 13 10-48,Pública,7815728,,,,,,,2,7219915,,0,0,Cundinamarca,Soacha
86,86,91,HOSPITAL MILITAR CENTRAL,TV 3 49 - 00,Privada,3486868,,,,,,,3,,HOSPITAL MILITAR CEN,830040256,0,Bogota,Bogota
87,87,92,UNIDAD DE SERVICIOS DE SALUD OCCIDENTE DE KENNEDY,AV 1 DE MAYO 75 A - 19,Pública,4546474,,,,,,Red Occidente,3,4546800,HOSPITAL KENNEDY,800196939,1,Bogota,Bogota
88,88,93,EMPRESA SOCIAL DEL ESTADO HOSPITAL UNIVERSITARIO DE LA SAMARITANA,KR 8 0 - 55 SUR,Privada,3371567,GERMAN AUGUSTO GUERRERO GOMEZ,,,,,,3,,HOSPITAL DE LA SAMAR,830040256,1,Bogota,Bogota
89,89,94,UNIDAD DE SERVICIOS DE SALUD SAN BLAS,KR 3 16 - 72 SUR ESTE,Pública,3335022,,,,,,Red Oriente,2,2891100,HOSPITAL SAN BLAS,800216303,1,Bogota,Bogota
90,90,95,FUNDACION HOSPITAL SAN CARLOS,KR 13 28 - 44 SUR,Privada,3730000,LEON JAIME ZAPATA GARCIA,,,,,,3,,HOSPITAL SAN CARLOS,860007373,1,Bogota,Bogota
91,91,96,HOSPITAL UNIVERSITARIO SAN IGNACIO,KR 7 40 - 62,Privada,3400512,JULIO CESAR CASTELLANOS RAMIREZ,,,,,,3,,HOSPITAL UNIVERSITAR,860015536,1,Bogota,Bogota
92,92,97,SOCIEDAD DE CIRUGIA DE BOGOTA - HOSPITAL DE SAN JOSE,CL 10 18 - 75,Privada,3513596,JORGE EUGENIO GOMEZ CUSNIR,,,,,,3,,HOSPITAL DE SAN JOSE,900098476,1,Bogota,Bogota
93,93,98,UNIDAD DE SERVICIOS DE SALUD SANTA CLARA,KR 15 1 - 59 SUR,Pública,3283105,,,,,,Red Oriente,3,2464850,HOSPITAL SANTA CLARA,860020188,1,Bogota,Bogota
94,94,99,UNIDAD DE SERVICIOS DE SALUD SIMON BOLIVAR,KR 7 A 165 - 00,Pública,6718796,,,,,,Red Norte,3,5261270,HOSPITAL SIMON BOLIV,800196433,1,Bogota,Bogota
95,95,100,UNIDAD DE SERVICIOS DE SALUD EL TUNAL,TV 22 47 B -51 SUR,Pública,7676186,,,,,,Red Sur,3,7144794,HOSPITAL TUNAL,800209488,1,Bogota,Bogota
96,96,101,UNIDAD DE SERVICIOS DE SALUD EL TUNJUELITO,TV 44 52 B - 02 SUR,Pública,2307766,,,,,,Red Sur,2,,HOSPITAL TUNJUELITO,830077617,1,Bogota,Bogota
97,97,102,HOSPITAL UNIVERSITARIO BARRIOS UNIDOS-MEDERI,CL 66 52 -25,Privada,6609220,,,,,,,2,,HOSPITAL BARRIOS UNI,900210981,6,Bogota,Bogota
98,98,103,HOSPITAL UNIVERSITARIO MAYOR-MEDERI,CL 24 29 - 61,Privada,3689000,,,,,,,3,,HOSPITAL UNIVERSITAR,900210981,6,Bogota,Bogota
99,99,104,INSTITUTO DE ORTOPEDIA INFANTIL ROOSEVELT,KR 4 17 - 50 ESTE AV CIRCUNVALAR,Privada,3534017,JOSE IGNACIO ZAPATA SANCHEZ,,,,,,3,,INSTITUTO DE ORTOPED,860013874,7,Bogota,Bogota
100,100,105,INSTITUTO DEL CORAZON DE BOGOTA,AV Caracas 34-47,Privada,7430972 - 7431660,,,,,,,3,,,804014839,1,Bogota,Bogota
101,101,106,UNIDAD DE SERVICIOS DE SALUD MATERNO INFANTIL,KR 10 1 - 66 SUR,Pública,2335409,ODILIO MENDEZ SANDOVAL,,,,,,3,,HOSPITAL LA VICTORIA,800197177,2,Bogota,Bogota
102,102,107,INSTITUTO NACIONAL DE CANCEROLOGIA - EMPRESA SOCIAL DEL ESTADO,CL 1 9-85,Privada,3341111,,,,,,,3,,INSTITUTO NACIONAL D,899999092,7,Bogota,Bogota
103,103,108,CENTRO POLICLINICO DEL OLAYA,AK 21 22 - 68 SUR,Privada,3612888,NASLY TATIANA JIMENEZ GONZALEZ,,,,,,3,,POLICLINICO DEL OLAY,800149453,6,Bogota,Bogota
104,104,110,SALUD SURA CL 100,AC 100 19A 35,Privada,4378888,,,,,,,1,,,811007832,5,Bogota,Bogota
105,105,111,SAMU CRUZ ROJA ALQUERIA,,Privada,,,,,,,Red Sur,2,,Samu Alqueria,860070301,1,Bogota,Bogota
106,106,112,SAMU CRUZ ROJA AUTONORTE,AUTOPISTA NORTE CON 145,Privada,,,,,,,Red Norte,1,,SAMU 145,860070301,1,Bogota,Bogota
107,107,113,SAMU CRUZ ROJA SALITRE,AK 68 68 B - 31,Privada,4281111,LAURA MARINA PALACIO ARCINIEGAS,,,,,,2,,CRUZ ROJA,860070301,1,Bogota,Bogota
108,108,114,UBA BUENAVISTA,KR 5 B 192 A 35,Pública,,,,,,,,1,,HOSPITAL USAQUEN,800216473,0,Bogota,Bogota
109,109,115,UBA CANDELARIA,KR 3 15 33,Pública,,,,,,,,1,,HOSPITAL CENTRO ORIE,830077644,1,Bogota,Bogota
110,110,116,UBA CENTRO SANIDAD AEREA,AEROPUERTO EL DORADO,Pública,,,,,,,,1,,HOSPITAL FONTIBON,830077650,1,Bogota,Bogota
111,111,117,UBA DINDALITO,CL 42 A 90 00 SUR,Pública,,,,,,,,1,,HOSPITAL DEL SUR,830077444,9,Bogota,Bogota
112,112,118,UBA EL JARDIN,KR 80 P 83 14 SUR,Pública,,,,,,,,1,,HOSPITAL PABLO VI BO,800219600,3,Bogota,Bogota
113,113,119,UBA EL TOCHE,DG 91 SUR 87 03,Pública,,,,,,,,1,,HOSPITAL PABLO VI BO,800219600,3,Bogota,Bogota
114,114,120,UBA ISLA DEL SOL,CL 67 B 63 27 SUR,Pública,,,,,,,,1,,HOSPITAL TUNJUELITO,830077617,1,Bogota,Bogota
115,115,121,UBA LA UNION,VEREDA LA UNION,Pública,,,,,,,,1,,HOSPITAL DE USME,830010966,3,Bogota,Bogota
116,116,122,UBA MEXICANA,CL 40 KR 89 C SUR,Pública,,,,,,,,1,,HOSPITAL DEL SUR,830077444,9,Bogota,Bogota
117,117,123,UBA PARAISO,KR 27 71 H 46 SUR,Pública,,,,,,,,1,,HOSPITAL VISTA HERMO,800248276,3,Bogota,Bogota
118,118,124,UBA SAN BERNARDINO,KR 100 79 97 SUR,Pública,,,,,,,,1,,HOSPITAL PABLO VI BO,800219600,3,Bogota,Bogota
119,119,125,UBA SAN ISIDRO,KR 76 B 60 A 42 SUR,Pública,,,,,,,,1,,HOSPITAL VISTA HERMO,800248276,3,Bogota,Bogota
120,120,126,UBA SAN JOAQUIN,KR 102 CL 71 A SUR,Pública,,,,,,,,1,,HOSPITAL PABLO VI BO,800219600,3,Bogota,Bogota
121,121,127,UBA SANIDAD PORTUARIA,TERMINAL TERRESTRE MODULO VERDE LC 4 16,Pública,,,,,,,,1,,HOSPITAL FONTIBON,830077650,1,Bogota,Bogota
122,122,128,UBA SANTA CECILIA,KR 36 B 163 00 PI 2,Pública,,,,,,,,1,,HOSPITAL USAQUEN,800216473,0,Bogota,Bogota
123,123,129,UNIDAD DE SERVICIOS DE SALUD ALAMOS,KR 97A 65 - 63,Pública,4 36 33 10,,,,,,,1,,HOSPITAL ENGATIVA,830077688,9,Bogota,Bogota
124,124,130,UNIDAD DE SERVICIOS DE SALUD ALCALA,KR 49 A 37 - 05 Sur,Pública,7 28 04 35,,,,,,,1,2 70 19 58,HOSPITAL DEL SUR,830077444,1,Bogota,Bogota
125,125,131,UNIDAD DE SERVICIOS DE SALUD ALQUERIA,CL 38 D 68C - 48 Sur,Pública,7 13 57 96,,,,,,,1,,HOSPITAL DEL SUR,830077444,1,Bogota,Bogota
126,126,132,UNIDAD DE SERVICIOS DE SALUD ARGELIA,KR 72 G 39 - 95,Pública,2 38 85 17,,,,,,,1,7 24 92 45,HOSPITAL DEL SUR,830077444,1,Bogota,Bogota
127,127,133,UNIDAD DE SERVICIOS DE SALUD ASUNCION BOCHICA,KR 33 1C- 27,Pública,2 47 48 00,,,,,,,1,,HOSPITAL DEL SUR,830077444,9,Bogota,Bogota
128,128,134,UNIDAD DE SERVICIOS DE SALUD BACHUE,KR 98 88 - 00,Pública,4 41 86 29,,,,,,,1,,HOSPITAL ENGATIVA,830077688,9,Bogota,Bogota
129,129,135,UNIDAD DE SERVICIOS DE SALUD BELLAVISTA,KR 69 68 A - 34,Pública,6 30 53 97,,,,,,,1,,HOSPITAL ENGATIVA,830077688,9,Bogota,Bogota
130,130,136,UNIDAD DE SERVICIOS DE SALUD BELLO HORIZONTE,KR 3 Este 32 A - 31 Sur,Pública,2 06 22 49,,,,,,,1,3 64 10 38,HOSPITAL SAN CRISTOB,800216538,1,Bogota,Bogota
131,131,137,UNIDAD DE SERVICIOS DE SALUD BETANIA,CL 76 B 2 - 34 Este Sur,Pública,7 67 33 50,,,,,,,1,7 67 32 87,HOSPITAL DE USME,830010966,3,Bogota,Bogota
132,132,138,UNIDAD DE SERVICIOS DE SALUD BOMBEROS,CL 40 C 79 - 10 Sur,Pública,2 73 20 98,,,,,,,1,2 73 25 35,HOSPITAL DEL SUR,830077444,1,Bogota,Bogota
133,133,139,UNIDAD DE SERVICIOS DE SALUD BOSA,KR 87 C 53C - 91 Sur,Pública,,,,,,,,1,,HOSPITAL PABLO VI BO,800219600,1,Bogota,Bogota
134,134,140,UNIDAD DE SERVICIOS DE SALUD BOYACA REAL,KR 74 A 69 A - 38,Pública,4 38 21 17,,,,,,,1,2 52 21 86,HOSPITAL ENGATIVA,830077688,9,Bogota,Bogota
135,135,141,UNIDAD DE SERVICIOS DE SALUD BRAVO PAEZ,CL 37 Sur 25 - 37,Pública,2 02 56 73,,,,,,,1,7 20 86 74,HOSPITAL RAFAEL URIB,830077633,1,Bogota,Bogota
136,136,142,UNIDAD DE SERVICIOS DE SALUD BRITALIA,KR 81C 48 -25 Sur,Pública,2 65 54 62,,,,,,,1,,HOSPITAL DEL SUR,830077444,1,Bogota,Bogota
137,137,143,UNIDAD DE SERVICIOS DE SALUD CANDELARIA LA NUEVA,KR 28 63A - 47 Sur,Pública,7 30 00 00 Ext: 1491,,,,,,,1,,HOSPITAL VISTA HERMO,800248276,3,Bogota,Bogota
138,138,144,UNIDAD DE SERVICIOS DE SALUD CARVAJAL,KR 72 Q 35 B - 05 Sur,Pública,4 50 62 90,,,,,,,1,4 03 60 16,HOSPITAL DEL SUR,830077444,1,Bogota,Bogota
139,139,145,UNIDAD DE SERVICIOS DE SALUD CASA DE TEJA,CL 75 Sur Carretera Mochuelo,Pública,7 90 22 04,,,,,,,1,730 00 00,HOSPITAL VISTA HERMO,800248276,3,Bogota,Bogota
140,140,146,UNIDAD DE SERVICIOS DE SALUD CATALINA,KR 78 A 53 A - 47 Sur,Pública,2 64 47 87,,,,,,,1,,HOSPITAL DEL SUR,830077444,1,Bogota,Bogota
141,141,147,UNIDAD DE SERVICIOS DE SALUD CENTRO DIA,KR 97 A 19 - 34,Pública,4 13 40 73,,,,,,,1,,HOSPITAL FONTIBON,830077650,1,Bogota,Bogota
142,142,148,UNIDAD DE SERVICIOS DE SALUD CODITO,KR 6 180 C - 14,Pública,5 28 57 45,,,,,,,1,3138881321,HOSPITAL USAQUEN,800216473,1,Bogota,Bogota
143,143,149,UNIDAD DE SERVICIOS DE SALUD CUNDINAMARCA,CL 19 34 - 94,Pública,2 448483,,,,,,,1,3 682246,HOSPITAL DEL SUR,830077444,1,Bogota,Bogota
144,144,150,UNIDAD DE SERVICIOS DE SALUD EL LIMONAR,KR 18 C Bis A 80 A - 41 Sur,Pública,7 66 17 29,,,,,,,1,7 30 00 00 Ext. 9500,HOSPITAL VISTA HERMO,800248276,3,Bogota,Bogota
145,145,151,UNIDAD DE SERVICIOS DE SALUD EL PORVENIR,KR 87 53 B - 71 Sur,Pública,7 83 00 82,,,,,,,1,7 83 11 29,HOSPITAL PABLO VI BO,800219600,1,Bogota,Bogota
146,146,152,UNIDAD DE SERVICIOS DE SALUD ESPAÑOLA,CL 83 85 -17,Pública,436 46 07,,,,,,,1,,HOSPITAL ENGATIVA,830077688,9,Bogota,Bogota
147,147,153,UNIDAD DE SERVICIOS DE SALUD GRANJAS DE SAN PABLO,KR 15 33 B - 28 Sur,Pública,2 78 32 44,,,,,,,1,,HOSPITAL RAFAEL URIB,830077633,1,Bogota,Bogota
148,148,154,UNIDAD DE SERVICIOS DE SALUD INTERNACIONAL,CL 23 112 60,Pública,2 67 53 04,,,,,,,1,4 22 06 71,HOSPITAL FONTIBON,830077650,1,Bogota,Bogota
149,149,155,UNIDAD DE SERVICIOS DE SALUD ISLA DEL SOL,CL 67 B 63 - 25 Sur,Pública,5 63 90 87,,,,,,,1,,HOSPITAL TUNJUELITO,830077617,1,Bogota,Bogota
150,150,156,UNIDAD DE SERVICIOS DE SALUD ISMAEL PERDOMO,CL 63 A 71 F - 09 Sur,Pública,7 75 45 06,,,,,,,1,7 30 00 30,HOSPITAL VISTA HERMO,800248276,3,Bogota,Bogota
151,151,157,UNIDAD DE SERVICIOS DE SALUD JOSE MARIA CARBONELL,DG 71 C Bis 77 G - 41 Sur,Pública,7 80 76 94,,,,,,,1,,HOSPITAL PABLO VI BO,800219600,1,Bogota,Bogota
152,152,158,UNIDAD DE SERVICIOS DE SALUD JUAN BAUTISTA,CL 73 Bis 1 B - 17 Sur,Pública,7 62 29 52,,,,,,,1,7 62 03 90,HOSPITAL USME,830010966,1,Bogota,Bogota
153,153,159,UNIDAD DE SERVICIOS DE SALUD JUAN XXIII,CL 76 20C - 96,Pública,3 49 90 80 Ext. 111,,,,,,,1,,HOSPITAL CHAPINERO,830077652,1,Bogota,Bogota
154,154,160,UNIDAD DE SERVICIOS DE SALUD LA CABAÑA,CL 57 110 A - 23 Sur,Pública,779 98 00 Ext. 17461,,,,,,,1,,HOSPITAL PABLO VI BO,800219600,1,Bogota,Bogota
155,155,161,UNIDAD DE SERVICIOS DE SALUD LA ESTACION,CL 60 B 77 G - 51 Sur,Pública,7 75 02 94,,,,,,,1,,HOSPITAL PABLO VI BO,800219600,1,Bogota,Bogota
156,156,162,UNIDAD DE SERVICIOS DE SALUD LA ESTRADA,KR 69 P 64 ? 08,Pública,6311494 Ext. 1408,,,,,,,1,,HOSPITAL ENGATIVA,830077688,9,Bogota,Bogota
157,157,163,UNIDAD DE SERVICIOS DE SALUD LA ESTRELLA,KR 18 F 72 - 45 Sur,Pública,7 618053,,,,,,,1,7 902319,HOSPITAL VISTA HERMO,800248276,3,Bogota,Bogota
158,158,164,UNIDAD DE SERVICIOS DE SALUD LA VICTORIA,DG 35 3 - 00 Este Sur,Pública,2 07 15 00,,,,,,,1,3 63 17 97,HOSPITAL SAN CRISTOB,800216538,1,Bogota,Bogota
159,159,165,UNIDAD DE SERVICIOS DE SALUD LACHES,KR 4 6A-11 Este,Pública,2 33 01 40,,,,,,,1,,HOSPITAL CENTRO ORIE,830077644,5,Bogota,Bogota
160,160,166,UNIDAD DE SERVICIOS DE SALUD LAFAYETTE,KR 18 A 3 A - 27,Pública,5 60 17 55,,,,,,,1,,HOSPITAL CENTRO ORIE,830077644,5,Bogota,Bogota
161,161,167,UNIDAD DE SERVICIOS DE SALUD LAS CRUCES,CL 1 C 5A - 30,Pública,2 33 58 86,,,,,,,1,2 89 55 48,HOSPITAL CENTRO ORIE,830077644,5,Bogota,Bogota
162,162,168,UNIDAD DE SERVICIOS DE SALUD LAURELES,CL 73 A 88 - 39 Sur,Pública,7 80 76 50,,,,,,,1,,HOSPITAL PABLO VI BO,800219600,1,Bogota,Bogota
163,163,169,UNIDAD DE SERVICIOS DE SALUD LOMAS,KR 10 39 - 00 Sur,Pública,3 72 03 57,,,,,,,1,3 72 84 94,HOSPITAL RAFAEL URIB,830077633,1,Bogota,Bogota
164,164,170,UNIDAD DE SERVICIOS DE SALUD LORENCITA VILLEGAS,KR 54 67 Bis - 20,Pública,3 29 17 23,,,,,,,1,3 29 17 22,HOSPITAL ENGATIVA,830077688,9,Bogota,Bogota
165,165,171,UNIDAD DE SERVICIOS DE SALUD LOS ALPES,TV 12 Este 32 G - 13 Sur,Pública,2 06 01 81,,,,,,,1,2 07 42 71,HOSPITAL SAN CRISTOB,800216538,1,Bogota,Bogota
166,166,172,UNIDAD DE SERVICIOS DE SALUD LOURDES,KR 2 3 - 00,Pública,2 09 66 46,,,,,,,1,,HOSPITAL CHAPINERO,830077652,1,Bogota,Bogota
167,167,173,UNIDAD DE SERVICIOS DE SALUD MARICHUELA,CL 76 1 - 42 Sur,Pública,7 62 70 10,,,,,,,1,7 62 07 49,HOSPITAL USME,830010966,1,Bogota,Bogota
168,168,174,UNIDAD DE SERVICIOS DE SALUD MINUTO DE DIOS,KR 73A 81B - 10,Pública,2 51 75 36,,,,,,,1,,HOSPITAL ENGATIVA,830077688,9,Bogota,Bogota
169,169,175,UNIDAD DE SERVICIOS DE SALUD MOCHUELO,KM 20 V?a Mochuelo,Pública,2 00 90 60,,,,,,,1,7 30 00 00 Ext. 15500,HOSPITAL VISTA HERMO,800248276,3,Bogota,Bogota
170,170,176,UNIDAD DE SERVICIOS DE SALUD NUEVA ZELANDIA,CL 181 46 - 48,Pública,6 72 94 93,,,,,,,1,,HOSPITAL USAQUEN,800216473,1,Bogota,Bogota
171,171,177,UNIDAD DE SERVICIOS DE SALUD NUEVO MUZU,DG 53 59 A - 11 Sur,Pública,5 64 66 49,,,,,,,1,2 38 61 92,HOSPITAL TUNJUELITO,830077617,1,Bogota,Bogota
172,172,178,UNIDAD DE SERVICIOS DE SALUD OLARTE,KR 72 A Bis 57 - 13 Sur,Pública,7 80 47 04,,,,,,,1,7 77 95 69,HOSPITAL PABLO VI BO,800219600,1,Bogota,Bogota
173,173,179,UNIDAD DE SERVICIOS DE SALUD ORQUIDEAS,KR 16C 160 - 44,Pública,6 71 23 54,,,,,,,1,313 -8 88 13 22,HOSPITAL USAQUEN,800216473,1,Bogota,Bogota
174,174,180,UNIDAD DE SERVICIOS DE SALUD PALESTINA,KR 90 C 70 A - 48 Sur,Pública,7 77 96 75,,,,,,,1,,HOSPITAL PABLO VI BO,800219600,1,Bogota,Bogota
175,175,181,UNIDAD DE SERVICIOS DE SALUD PARIS GAITAN,KR 86 86 - 26,Pública,2 52 13 05,,,,,,,1,,HOSPITAL ENGATIVA,830077688,9,Bogota,Bogota
176,176,182,UNIDAD DE SERVICIOS DE SALUD PASQUILLA,Kil?metro 4 V?a Pasquilla,Pública,6 39 20 28,,,,,,,1,7 30 00 00 Ext: 16500,HOSPITAL VISTA HERMO,800248276,3,Bogota,Bogota
177,177,183,UNIDAD DE SERVICIOS DE SALUD PATIOS III SECTOR,CL 2 88 - 47 Sur,Pública,4 53 39 84,,,,,,,1,4 51 97 89,HOSPITAL DEL SUR,830077444,1,Bogota,Bogota
178,178,184,UNIDAD DE SERVICIOS DE SALUD PIO XII,KR 79 D 6 -15 Sur,Pública,2 92 88 21,,,,,,,1,2 92 70 13,HOSPITAL DEL SUR,830077444,1,Bogota,Bogota
179,179,185,UNIDAD DE SERVICIOS DE SALUD POTOS,KR 42 77 - 80 Sur,Pública,7 18 86 30,,,,,,,1,7 30 00 00 Ext 8500,HOSPITAL VISTA HERMO,800248276,3,Bogota,Bogota
180,180,186,UNIDAD DE SERVICIOS DE SALUD PRIMERA DE MAYO,CL 20 8 A - 52 Sur,Pública,3 72 03 13,,,,,,,1,,HOSPITAL SAN CRISTOB,800216538,1,Bogota,Bogota
181,181,187,UNIDAD DE SERVICIOS DE SALUD PUENTE ARANDA,KR 59 14 - 44,Pública,2 90 41 58,,,,,,,1,4 13 71 04,HOSPITAL DEL SUR,830077444,1,Bogota,Bogota
182,182,188,UNIDAD DE SERVICIOS DE SALUD PUERTA DE TEJA,KR 96 A 25 G - 12,Pública,4 18 44 49,,,,,,,1,2 67 53 24,HOSPITAL FONTIBON,830077650,1,Bogota,Bogota
183,183,189,UNIDAD DE SERVICIOS DE SALUD QUIRIGUA,CL 91 89A - 20,Pública,4 30 18 10,,,,,,,1,,HOSPITAL ENGATIVA,830077688,9,Bogota,Bogota
184,184,190,UNIDAD DE SERVICIOS DE SALUD QUIROGA,CL 31 B 23 -74 Sur,Pública,2 39 28 05,,,,,,,1,2 72 44 02,HOSPITAL RAFAEL URIB,830077633,1,Bogota,Bogota
185,185,191,UNIDAD DE SERVICIOS DE SALUD RICAURTE,KR 18 8 - 99,Pública,3 60 56 98,,,,,,,1,,HOSPITAL CENTRO ORIE,830077644,5,Bogota,Bogota
186,186,192,UNIDAD DE SERVICIOS DE SALUD RINCON,KR 94 129 B - 04,Pública,6 85 58 83,,,,,,,1,6 85 73 04,HOSPITAL SUBA,800216883,1,Bogota,Bogota
187,187,193,UNIDAD DE SERVICIOS DE SALUD RIONEGRO,CL 94 C 57 - 40,Pública,2 36 86 75,,,,,,,1,,HOSPITAL CHAPINERO,830077652,1,Bogota,Bogota
188,188,194,UNIDAD DE SERVICIOS DE SALUD SAN BENITO,CL 58 19 B - 21 Sur,Pública,7 14 19 63,,,,,,,1,7 14 27 22,HOSPITAL TUNJUELITO,830077617,1,Bogota,Bogota
189,189,195,UNIDAD DE SERVICIOS DE SALUD SAN BLAS,KR 3 Este 16 - 73 Sur,Pública,2 80 11 45,,,,,,,1,2 80 11 61,HOSPITAL SAN CRISTOB,800216538,1,Bogota,Bogota
190,190,196,UNIDAD DE SERVICIOS DE SALUD SAN FERNANDO,CL 72 58 - 75,Pública,3 29 35 29,,,,,,,1,2 40 65 37,HOSPITAL CHAPINERO,830077652,1,Bogota,Bogota
191,191,197,UNIDAD DE SERVICIOS DE SALUD SAN FRANCISCO,CL 67 20 A - 08 Sur,Pública,7 15 44 62,,,,,,,1,7 16 70 50,HOSPITAL VISTA HERMO,800248276,3,Bogota,Bogota
192,192,198,UNIDAD DE SERVICIOS DE SALUD SAN JORGE,DG 45 16 A - 16 SUR,Pública,7141984,,,,,,Red Sur,1,,HOSPITAL RAFAEL URIB,830077633,1,Bogota,Bogota
193,193,199,UNIDAD DE SERVICIOS DE SALUD SAN JOSE OBRERO,KR 13 26A - 34 Sur,Pública,3 66 68 55,,,,,,,1,3 72 04 14,HOSPITAL RAFAEL URIB,830077633,1,Bogota,Bogota
194,194,200,UNIDAD DE SERVICIOS DE SALUD SAN JUAN DE SUMAPAZ,CORREGIMIENTO SAN JUAN DE SUMAPAZ,Pública,3407019,,,,,,Red Sur,1,,HOSPITAL DE NAZARETH,800217641,6,Bogota,Bogota
195,195,201,UNIDAD DE SERVICIOS DE SALUD SAN LUIS - SAN ISIDRO,KM 5 V?a la Calera,Pública,6 32 05 56,,,,,,,1,,HOSPITAL USAQUEN,800216473,1,Bogota,Bogota
196,196,202,UNIDAD DE SERVICIOS DE SALUD SAN PABLO,CL 25 A 122 - 25,Pública,2 67 52 84,,,,,,,1,4 18 44 48,HOSPITAL FONTIBON,830077650,1,Bogota,Bogota
197,197,203,UNIDAD DE SERVICIOS DE SALUD SANTA MARTA,CL 68 C 1A - 88 Este Sur,Pública,7 62 50 64,,,,,,,1,7 62 16 43,HOSPITAL DE USME,830010966,3,Bogota,Bogota
198,198,204,UNIDAD DE SERVICIOS DE SALUD SANTA ROSA DE LIMA,CL 1 D 7 - 13 Este,Pública,3 37 00 16,,,,,,,1,2 33 29 28,HOSPITAL CENTRO ORIE,830077644,5,Bogota,Bogota
199,199,205,UNIDAD DE SERVICIOS DE SALUD SERVITA,CL 165 7 - 38,Pública,6 71 97 60,,,,,,,1,313 8881325,HOSPITAL USAQUEN,800216473,1,Bogota,Bogota
200,200,206,UNIDAD DE SERVICIOS DE SALUD SIERRA MORENA,DG 70 56 - 16 Sur,Pública,7 31 61 53,,,,,,,1,7 18 74 97,HOSPITAL VISTA HERMO,800248276,3,Bogota,Bogota
201,201,207,UNIDAD DE SERVICIOS DE SALUD USAQUEN,KR 7 A 119 B - 00,Pública,6191220,,,,,,Red Norte,1,6204907,HOSPITAL USAQUEN,800216473,1,Bogota,Bogota
202,202,208,UNIDAD DE SERVICIOS DE SALUD VERSALLES,CL 35 112 - 60,Pública,4 22 06 71,,,,,,,1,2 67 53 04,HOSPITAL FONTIBON,830077650,1,Bogota,Bogota
203,203,209,UNIDAD DE SERVICIOS DE SALUD YOMASA,KR 1C Este 89A - 10 Sur,Pública,2 00 13 99,,,,,,,1,,HOSPITAL DE USME,830010966,3,Bogota,Bogota
204,204,210,VIRREY SOLIS AMERICAS,AV. AMERIFCAS CON 63,Privada,,,,,,,Red Sur,1,,VIRREY SOLIS AMERICA,800003765,1,Bogota,Bogota
205,205,211,VIRREY SOLIS CASTELLANA,CALLE 98  No. 23,Privada,,,,,,,Red Sur,1,,VIRREY SOLIS CASTELL,800003765,1,Bogota,Bogota
206,206,212,CLINICA VIP CENTRO DE MEDICINA INTERNACIONAL,Cl 97 23 10,Privada,,,,,,,Red Norte,3,,"4.685703, -74.048262",,0,Bogota,Bogota
207,207,213,CLINICA MONSERRAT,,Privada,,,,,,, ,3,,,,0,Bogota,Bogota
208,208,214,UNIDAD DE SERVICIOS DE SALUD TINTAL KENNEDY,,Pública,,,,,,,Red Sur,2,,,,0,Bogota,Bogota
209,209,215,VIRREY SOLIS DEL OLAYA,,Privada,,,,,,,,1,,,,0,Bogota,Bogota
210,210,216,SANITAS UNIDAD URGENCIAS CARRERA 62,,Privada,,,,,,,Red Norte,1,,,,0,Bogota,Bogota
211,211,217,CLINICA SANTO TOMAS,Transversal 3 #51a-46,Privada,,,,,,,Red Norte,3,,,,0,Bogota,Bogota
212,212,219,CLINICA RENOVAR LTDA,CL 17 SUR 7A 63 NARIÃƒÆ’Ã¢â‚¬ËœO SUR,Privada,,,,,,,,1,,,,0,Bogota,Bogota
213,213,220,HOSPITAL DE MAPIRIPAN DEL META,Meta,Pública,,,,,,,,0,,,,0,Meta,Mapiripan
214,214,221,HOSPITAL UNIVERSITARIO DE VILLAVICENCIO,Villavicencio,Pública,,,,,,,,0,,,,0,Meta,Villavicencio
215,215,222,UNIDAD DE SERVICIOS DE SALUD ALTAMIRA,KR 12 A 42 A - 36 SUR ESTE,Pública,3634003,,,,,,Red SUR,1,,HOSPITAL SAN CRISTOB,800216538,0,Bogota,Bogota
216,216,223,CLINICA PEDIATRICA COLSANITAS,Cl 127 #20-56,Privada,7455100,,,,,,Red Norte,3,,,999999999,0,Bogota,Bogota
217,217,224,CLINICA MIOCARDIO,CR 45 A NÁ€šÃ‚Â° 94 71 - Barrio:LA CASTELLANA,Privada,2095042,MIOCARDIOSAS@GMAIL.COM,,,,,Red Norte,3,,,1100120840,0,Bogota,Bogota
218,218,226,SDS - CRUE,CARRERA 32 12-81,Pública,3649090,,,,,,,1,3649090,SDS - CRUE,,0,Bogota,Bogota
219,219,227,LOSCOBOS MEDICAL CENTER SAS - LOSCOBOS,AV. 9  No. 131A - 40,Privada,,,,,,,Red Norte,3,,,,0,Bogota,Bogota
220,220,228,CLINICA BARRAQUER,Avenida Calle 100 No. 18A - 51,Privada,,,,,,,Red Norte,3,,,,0,Bogota,Bogota
221,221,229,CENTRO CARDIOVASCULAR COLOMBIANO,,Privada,,,,,,,Red Norte,2,,,,0,Bogota,Bogota
222,222,230,CLINICA NUEVA EL LAGO,CALLE 76 15-55,Privada,,,,,,,Red Norte,3,,,,0,Bogota,Bogota
223,223,231,COLSUBSIDIO CLINICA 94,Autopista Nte. # 94 57,Privada,,,,,,,Red Norte,3,,,,0,Bogota,Bogota
224,224,232,CLINICA LA SABANA,AV KR 19 102-53 ,Privada,6221120,,,,,,Red Norte,3,,,,0,Cundinamarca,Chia
225,225,233,HOSPITAL UNIVERSITARIO NACIONAL DE COLOMBIA,Cl. 44 #59-75,Privada,,,,,,,Red Norte,3,,,,0,Bogota,Bogota
226,226,234,HOSPITAL TRANSITORIO CORFERIAS,,Pública,,,,,,,Red Oriente,3,,,,0,Bogota,Bogota
227,227,235,SANTA LAURA IPS SAS,,Privada,,,,,,,,0,,,,0,Bogota,Bogota
228,228,236,CLINICA CAFAM CALLE 93,,Privada,,,,,,,,0,,,,3,Bogota,Bogota
229,229,237,CLINICA GARPER MEDICA,,Privada,,,,,,,,0,,,,0,Bogota,Bogota
230,230,238,CLINICA COLSUBSIDIO CALLE 100,,Privada,,,,,,,,0,,,,0,Bogota,Bogota
231,231,239,CLINICA MEDICAL S.A.S. SEDE SANTA JULIANA,,Privada,,,,,,,,0,,,,0,Bogota,Bogota
232,232,240,CLINICA SANTA MONICA,,Privada,,,,,,,,0,,,,0,Bogota,Bogota
233,233,241,ASOCIACION DE AMIGOS CONTRA EL CANCER PROSEGUIR,,Privada,,,,,,,,0,,,,0,Bogota,Bogota
234,234,242,SOCIEDAD MEDICA ALCALA SAS,KR 19 135 24,Privada,57 1  3907469,,,,,,,0,,,9011384109,0,Bogota,Bogota
235,235,243,IPS REMY,,Privada,,,,,,,,0,,,,0,Bogota,Bogota
236,236,244,HEALTH & LIFE IPS MONTEVIDEO,,Privada,,,,,,,,0,,,,0,Bogota,Bogota
237,237,245,CLINICA COLSATINAS 103,,Privada,,,,,,,,0,,,,0,Bogota,Bogota
238,238,246,CLINICA UNIVERSIDAD DE LA SABANA,,Privada,,,,,,, ,4,,,,0,Cundinamarca,Chia
239,239,248,HOSPITAL SAN RAFAEL DE FUSAGASUGA,,Pública,,,,,,,Red Occidente,4,,,,0,Cundinamarca,Fusagasuga
240,240,249,CLINICA MEINTEGRAL CENTRO DE ALTA COMPLEJIDAD,,Pública,,,,,,, ,3,,,,0,Cundinamarca,Zipaquira
241,241,250,MEINTEGRAL S.A.S - ZIPAQUIRA,,Privada,,,,,,, ,3,,,,0,Cundinamarca,Zipaquira
242,242,251,HOSPITAL SAN RAFAEL DE PACHO,,Pública,,,,,,, ,3,,,,0,Cundinamarca,Pacho
243,243,252,SOCIEDAD MEDICO QUIRURGICA NUESTRA SENORA DE BELEN DE FUSUGASUGA,,Privada,,,,,,,Red Occidente,4,,,,0,Cundinamarca,Fusagasuga
244,244,253,HOSPITAL CARDIOVASCULAR DEL NINO DE CUNDINAMARCA,,Privada,,,,,,, ,3,,,,0,Cundinamarca,Soacha
245,245,254,CLINICA SAN RAFAEL DUMIAN DE GIRARDOT,,Privada,,,,,,,,0,,,,0,Cundinamarca,Girardot
246,246,255,HOSPITAL SAN RAFAEL DE FACATATIVA,,Pública,,,,,,,,0,,,,0,Cundinamarca,Facatativa
247,247,256,CLINICA AZUL,,Privada,,,,,,,,0,,,,0,Bogota,Bogota
248,248,257,HOSPITAL REGIONAL DE ZIPAQUIRA,,Pública,,,,,,,,0,,,,0,Cundinamarca,Zipaquira
249,249,258,CENTRO MEDICO PUENTE ARANDA,,Pública,,,,,,,Red Sur,3,,,,0,Bogota,Bogota
250,250,261,CENTRO MEDICO MEDICO SAN LUIS - CAJICA,,Privada,,,,,,,,0,,,,0,Cundinamarca,Cajica
251,251,262,VIRREY SOLIS SOACHA,,Privada,,,,,,,,0,,,,0,Cundinamarca,Soacha
252,252,263,CLINICA SAN DIEGO - CIOSAD,,Privada,,,,,,,,0,,,,0,Bogota,Bogota
253,253,264,ASISTIR SALUD SAS ENGATIVA,,Privada,,,,,,,,0,,,,0,Bogota,Bogota
254,254,265,ASISTIR SALUD SAS FONTIBON,,Privada,,,,,,,,0,,,,0,Bogota,Bogota
255,255,266,ASISTIR SALUD SAS CANDELARIA,,Privada,,,,,,,,0,,,,0,Bogota,Bogota
256,256,267,ASISTIR SALUD SAS QUIROGA,,Privada,,,,,,,,0,,,,0,Bogota,Bogota
257,257,268,ASISTIR SALUD SAS SOACHA LEON XIII,,Privada,,,,,,,,0,,,,0,Cundinamarca,Soacha
258,258,269,CLINICA COLSUBSIDIO USAQUEN,,Privada,,,,,,,,0,,,,0,Bogota,Bogota
259,259,270,CENTRO MEDICO CALLE 26,,Privada,,,,,,,,0,,,,0,Bogota,Bogota
260,260,272,VIRREY SOLIS CALLE 98,,Privada,,,,,,,,0,,,,0,Bogota,Bogota
261,261,273,VIRREY SOLIS UMEQ CALLE 100,,Privada,,,,,,,,0,,,,0,Bogota,Bogota
262,262,274,HEALTH & LIFE IPS JVARGAS,,Privada,,,,,,,,0,,,,0,Bogota,Bogota
263,263,275,HEALTH & LIFE IPS CHAPINERO,,Privada,,,,,,,,0,,,,0,Bogota,Bogota
264,264,276,HOSPITAL PEDRO LEON ALVAREZ DIAZ DE LA MESA,,Pública,,,,,,,,0,,,,0,Cundinamarca,La mesa
265,265,277,HOSPITAL NUESTRA SENORA DEL TRANSITO DE TOCANCIPA,,Pública,,,,,,,Red Occidente,2,,,,0,Cundinamarca,Tocancipa
266,266,278,ESE MERCEDES TELLEZ DE PADILLA HOSPITAL VIANI,,Pública,,,,,,,Red Sur,2,,,,0,Cundinamarca,Viani
267,267,279,CLINICA SANTA ANA - FACATATIVA,,Privada,,,,,,,,0,,,,0,Cundinamarca,Facatativa
268,268,280,IPS SURA OLAYA,,Privada,,,,,,,,0,,,,0,Bogota,Bogota
269,269,281,ESE HOSPITAL NUESTRA SEÑORA DE LAS MERCEDES,,Pública,,,,,,,,0,,,,0,Cundinamarca,Funza
270,270,282,HOSPITAL SALAZAR DE VILLETA,,Pública,,,,,,,,0,,,,0,Cundinamarca,Villeta
271,271,283,CLINICA MEDIFACA,,Privada,,,,,,,,0,,,,0,Cundinamarca,Facatativa
272,272,284,CODE NORTE,,Pública,,,,,,, ,0,,,,0,Bogota,Bogota
273,273,285,CENTRO MEDICO IPADEMA,,Privada,,,,,,, ,0,,,,0,Bogota,Bogota
274,274,286,CENTRO MEDICO DE SUBA,,Privada,,,,,,, ,0,,,,0,Bogota,Bogota
275,275,287,HOSPITAL DE FUNZA,,Pública,,,,,,,,0,,,,0,Cundinamarca,Funza
276,276,289,SOCIEDAD CLINICA EMCOSALUD,,Privada,,,,,,, ,0,,,,0,Huila,Neiva
277,277,290,IPS DAVITA UNIDAD RENAL MARIA DEL LAGO,,Privada,,,,,,, ,0,,,,0,Bogota,Bogota
278,278,291,SALUD SURA CALLE 100,,Privada,,,,,,, ,0,,,,0,Bogota,Bogota
279,279,293,ESE HOSPITAL SANTA ROSA DE TENJO,,Pública,,,,,,, ,0,,,,0,Cundinamarca,Tenjo
280,280,294,INVERSIONES LUCEDMARB S.A,AUTOPISTA SUR CRA 4 N 19 52,Privada, 8400347,,,,,, ,0,,,,0,Cundinamarca,Sibate
281,281,295,HOSPITAL REGIONAL DE MONIQUIRA ESE,"Calle 4a 9 101, Ricaurte, Moniquirá, Boyacá",Pública,7282630,LUIS CARLOS OLARTE CONTRERAS,,,,, ,2,7282630,,,0,Boyaca,Moniquira
282,282,296,CLINICA COLSUBSIDIO DE GIRARDOT,,Privada,7420100 ext 79822  3202548942,,,,,, ,0,,,,0,Cundinamarca,Girardot
283,283,297,E.S.E HOSPITAL SAN ANTONIO DE MITU,CRA 13 # 15A - 127,Pública,,,,,,, ,0,,,,0,Vaupés,Vaupes
284,284,298,JUNICAL MEDICAL S.A.S. DE GIRARDOT,,Privada,,,,,,, ,0,,,,0,Cundinamarca,Girardot
285,285,299,HOSPITAL ISMAEL SILVA DE SILVANIA ESE,,Pública,8685266,,,,,, ,0,,,,0,Cundinamarca,Silvania
286,286,300,CLINICA PUTUMAYO SAS ZOMAC,, ,,,,,,, ,0,,,,0,Putumayo,Puerto Asis
287,287,301,CLINICA COLSUBSIDIO CALLE 127,,Privada,,,,,,, ,0,,,,0,Bogota,Bogota
288,288,302,CLINICA SAN FRANCISCO DE ASIS SAS DE BOGOTA,,Privada,,,,,,, ,0,,,,0,Bogota,Bogota
289,289,303,HOSPITAL DEPARTAMENTAL SAN VICENTE DE PAUL E.S.E,,Pública,3182185577  8332441  8332450,,,,,, ,0,,,,0,Antioquia,Garzon
290,290,304,MEDICINA INTESIVA DEL TOLIMA,,Privada,,,,,,, ,0,,,,0,Tolima,Honda
291,291,305,CLINICA CHIA,,Pública,,,,,,, ,0,,,,0,Cundinamarca,Chia
292,292,306,E.S.E HOSPITAL REGIONAL DE CHIQUINQUIRA,CARRERA 13 # 18 - 60,Pública,7261424 - 3133862470 - 3214919386,,,,,, ,0,,,,0,Boyaca,Chiquinquira
293,293,307,HOSPITAL DEPARTAMENTAL DE VILLAVICENCIO E.S.E,Calle 37a No. 28-53,Pública,3203498937,,,,,, ,0,,,,0,Meta,Villavicencio
294,294,308,INVERSIONES CLINICA DEL META S.A, Calle 33 # 36 50,Privada,6614400,,,,,, ,0,,,,0,Meta,Villavicencio
295,295,309,HOSPITAL SAN ANTONIO DE MITU,,Pública,,,,,,, ,0,,,,0,Vaupés,Vaupes
296,296,310,SERVIMEDICOS VILLAVICENCIO,,,,,,,,,,0,,,,0,Meta,Villavicencio
297,297,312,ESE HOSPITAL EL SALVADOR DE UBATE,,Pública,,,,,,, ,0,,,,0,Cundinamarca,Ubate
298,298,313,HOSPITAL SAN VICENTE DE ARAUCA,,Publica,,,,,,,,0,,,,0,Arauca,Arauca
299,299,314,RED HUMANA,,Privada,,,,,,, ,0,,,,0,Bogota,Bogota
300,300,315,HOSPITAL MANUEL ELKIN PATARROYO,CRA 9 # 16-14 BARRIO LOS COMUNEROS,Privada,3112372586,,,,,, ,0,,,,0,Guainia,Inirida
301,301,316,CENTRO MEDICO USAQUEN,,Privada,,,,,,, ,0,,,,0,Bogota,Bogota
302,302,317,CLINICA SAN LUIS DE SOACHA,,Privada,,,,,,, ,0,,,,0,Cundinamarca,Soacha
303,303,318,HOSPITAL SAN RAFAEL DE CAQUEZA,,Pública,,,,,,, ,0,,,,0,Cundinamarca,Caqueza
304,304,319,SOCIEDAD CLINICA BOYACA LTDA,TRANSVERSAL 29 No.9C - 41,Privada,7604757,,,,,, ,0,,,,0,Boyaca,Duitama
305,305,320,HOSPITAL SAN RAFAEL ESPINAL,,Pública,,,,,,, ,0,,,,0,Tolima,El Espinal
306,306,832,HOSPITAL SAN VICENTE DE ARAUCA E.S.E,CARRERA 16 #14 26,Pública,8852024,,,,,, ,0,,,,0,Arauca,Arauca
307,307,833,E.S.E HOSPITAL REGIONAL DE DUITAMA,Av de las Américas # 35,Pública,7632323,,,,,, ,0,,,,0,Boyaca,Duitama
308,308,834,CLINICA LA MERCED DE BARRANQUILLA SAS,,Privada,,,,,,, ,0,,,,0,Atlántico,Barranquilla
309,309,835,CLINICA MEDILASER DE TUNJA,,Privada,,,,,,, ,0,,,,0,Boyaca,Tunja
310,310,836,CLINICA DE MARLY JORGE CAVELIER GAVIRIA,"Av. Paseo los Zipas, Cl. 29, Chía, Cundinamarca",Privada,(1) 6532000,,,,,, ,2,(1) 6532000,,,0,Cundinamarca,Chia
311,311,837,CORPORACION CLINICA UNIVERSIDAD COOPERATIVA DE COLOMBIA,Cl. 36 # 35 62 VILLAVICENCIO ,Privada, 6614300,,,,,, ,0,,,,0,Meta,Villavicencio
312,312,838,CLINICA EL LAGUITO,,Privada,,,,,,, ,0,,,,0,Boyaca,Sogamoso
313,313,839,CLINICA BELEN DE FUSAGASUGA,,Privada,,,,,,, ,0,,,,0,Cundinamarca,Fusagasuga
314,314,840,E.S.E HOSPITAL UNIVERSITARIO SAN RAFAEL DE TUNJA,CRA 11 27 - 27 TUNJA - BOYACA,Pública,7405030,,,,,, ,0,,,,0,Boyaca,Tunja
315,315,841,ESE HOSPITAL SANTIAGO DE TUNJA,,Pública,,,,,,, ,0,,,,0,Boyaca,Tunja
316,316,842,HOSPITAL LA MESA,,Pública,,,,,,, ,0,,,,0,Cundinamarca,La mesa
317,317,843,FUNDACION CLINICA LETICIA,Avenida Internacional Carrera 6. 6-05,Privada,6925576,,,,,, ,0,,,,0,Amazonas,Leticia
318,318,844,ESE HOSPITAL MARIA INMACULADA,,Pública,,,,,,, ,0,,,,0,Caqueta,Florencia
319,319,845,HOSPITAL REGIONAL DE SOGAMOSO,CALLE 8 No. 11A -43 SOGAMOSO,Pública,7 70 2201,,,,,, ,0,,,,0,Boyaca,Sogamoso
320,320,846,CENTRO MEDICO RESTREPO,,Privada,,,,,,, ,0,,,,0,Bogota,Bogota
321,321,847,NUEVO HOSPITAL LA CANDELARIA E.S.E,,Pública,3182433251 - 2280020,,,,,, ,0,,,,0,Tolima,Purificacion
322,322,848,CLINICA AVIDANTI DE IBAGUE,,Privada,,,,,,, ,0,,,,0,Tolima,Ibague
323,323,849,HOSPITAL SAN FELIX LA DORADA E.S.E,"Cra. 5, La Dorada, Caldas",Pública,(6) 8571888,,,,,, ,0,,,,0,Caldas,La dorada
324,324,850,HOSPITAL FEDERICO LLERAS ACOSTA DE IBAGUE E.S.E,"Cl. 58 #525, Ibagué, Tolima",Pública,2739805,,,,,, ,0,,,,0,Tolima,Ibague
325,325,851,E.S.E HOSPITAL SAN MARTIN DE PORRES CHOCONTA,"Cra. 4 #32 # 8, Chocontá, Cundinamarca",Pública,8562202,,,,,, ,0,,,,0,Cundinamarca,Choconta
326,326,852,ESE HOSPITAL PEDRO LEON ALVAREZ DIAZ DE LA MESA,,Pública,,,,,,, ,1,,,,0,Cundinamarca,La mesa
327,327,853,CLINICA LOS ROSALES S.A,"Carrera 9 # 25 - 25, Pereira, Risaralda",Privada,3357454,,,,,, ,0,,,,0,Risaralda,Pereira
328,328,854,HOSPITAL UNIVERSITARIO DE LA SAMARITANA ZIPAQUIRA,,Pública,,,,,,, ,0,,,,0,Cundinamarca,Zipaquira
329,329,855,ESE HOSPITAL SAN FRANCISCO DE GACHETA,,Pública,,,,,,, ,0,,,,0,Cundinamarca,Gacheta
330,330,856,HOSPITAL DEL SARARE EMPRESA SOCIAL DEL ESTADO,,Pública,,,,,,, ,0,,,,0,Arauca,Saravena
331,331,857,HOSPITAL UNIVERSITARIO ERASMO MEOZ E.S.E,AV. 11E #5AN-71 B. Guaimaral Cúcuta-Norte de Santander,Pública,5746888,,,,,, ,0,,,,0,Norte de santander,Cucuta
332,332,858,"DEPARTAMENTAL DEL META ""SOLUCION SALUD"" E.S.E",CALLE 37 NO 41-80,Pública,6610200,,,,,, ,0,,,,0,Meta,Villavicencio
333,333,859,CLINICA TOLIMA S.A.,CRA. 1 NO. 12-22 TOLIMA IBAGUE,Privada,(8) 2708000,,,,,, ,0,,,,0,Tolima,Ibague
334,334,860,ESE HOSPITAL REGIONAL DE ORINOQUIA,Calle 15 # 07 -95 Vía Marginal de la Selva,Pública,(038) 6344650,,,,,, ,0,,,,0,Casanare,Orinoquia
335,335,861,SOCIEDAD DE ENFERMERAS PROFESIONALES SEP,CRA 18 # 140 - 53,Privada,258055,,,,,, ,0,,,,0,Bogota,Bogota
336,336,863,CENTRO DE SALUD DE FOSCA,Cra. 1 No. 3-05 FOSCA CUNDINAMARCA,Pública,8490222 - 3185176739,,,,,, ,0,,,,0,Cundinamarca,Fosca
337,337,864,ESE HOSPITAL SAN VICENTE DE PAUL FOMEQUE,CALLE 4 # 50,Pública,8485024,,,,,, ,0,,,,0,Cundinamarca,Fomeque
338,338,865,MESSER COLOMBIA S.A,Av.Caracas # 40A-04,Privada, 5954300,,,,,, ,0,,NIT - 860005114,,0,Bogota,Bogota
339,339,866,CENTRO MEDICO PRIMERO DE MAYO COLSUBSIDIO,Transversal 78 H 42 C  10 Sur ,Privada,3906880 - 3906827 ext. 225,,,,,, ,0,,,,0,Bogota,Bogota
340,340,867,HOSPITAL CESAR URIBE PIEDRAHITA E.S.E, CARRERA 7 # 48-03,Pública,8333434,,,,,, ,0,,,,0,Antioquia,Caucasia
341,341,868,ESE HOSPITAL MARIA AUXILIADORA DE MOSQUERA,CALLE 02 # 3 -14 MOSQUERA,Pública,8932394,,,,,, ,1,,,,0,Cundinamarca,Mosquera
342,342,869,ESE HOSPITAL DEPERTAMENTAL DE GRANADA,CALLE 15 CRA 02 Y 04,Pública,6500517,,,,,, ,0,,,,0,Meta,Granada
343,343,870,E.S.E HOSPITAL SAN FRANCISCO DE VIOTA,Avenida El Progreso,Pública, 0918349413/12,,,,,, ,0,,,,0,Cundinamarca,Viota
344,344,871,ESE HOSPITAL DIVINO SALVADOR DE SOPO,CALLE 3 # 4 - 89 SOPO,Pública,8571313,,,,,, ,0,,,,0,Cundinamarca,Sopo
345,345,872,ESE HOSPITAL DEPARTAMENTAL DE VILLAVICENCIO,CALLE 37A #$ 28-53 BARRIO BARZAL ALTO,Pública,,,,,,, ,0,,,,0,Meta,Villavicencio
346,346,873,E.S.E HOSPITAL SANTA MATILDE DE MADRID,"Cra. 6 #11, Madrid, Cundinamarca",Pública, 318 2084511,,,,,, ,0,,,,0,Cundinamarca,Madrid
347,347,874,CLINICA SOMER S.A,"Calle 38 #No. 54A-35, Cl. 38, Rionegro, Antioquia",Privada,,,,,,, ,0,,,,0,Antioquia,Rionegro
348,348,875,MEDICADIZ SAS,"Carrera 12 sur No. 93-21, Ibagué, Tolima",Privada,2771186,,,,,, ,0,,,,0,Tolima,Ibague
349,349,876,CLINICA META,CALLE 33 # 36-50 BARZAL BAJO,Privada,(8) 6614400,,,,,, ,0,,,,0,Meta,Villavicencio
350,350,877,HOSPITAL CLARENCE LYND NEWBALL MEMORIAL,"Cl. 21 #41 19, San Andrés y Providencia",Pública,3107685270 San Luis 3172769507 Loma 3177692126,,,,,, ,0,,,,0,San Andrés y Providencia,San Andres
351,351,880,E.S.E HOSPITAL EMIRO QUINTERO CAÑIZARES,CLL 7 N 29 144,Pública,5611435,,,,,, ,0,,,,0,Norte de santander,OcaÃ±a
352,352,881,CLINICA SAN JOSE DE CUCUTA S.A.,Calle 13 #1e-54 Caobos,Privada,5821111,,,,,, ,0,,,,0,Norte de santander,Cucuta
353,353,882,SAN LUIS CRITICAL CARE SAS SOACHA,,Privada,,,,,,, ,4,,,,0,Cundinamarca,Soacha
354,354,883,HOSPITAL DEL SARARE E.S.E,Cl. 30 # 23-108,Pública,3176431580-8892821,,,,,, ,0,,,,0,Arauca,Saravena
355,355,884,VITAL MEDICAL CARE SOCIEDAD POR ACCIONES SIMPLIFICADA VIMEC SAS," CALLE 7 No. 29 - 144 PISO 2 B. PRIMAVERA, SANTANDER",Privada,5611721,,,,,, ,0,,,,0,Santander,Bucaramanga
356,356,885,HOSPITAL DEPARTAMENTAL SAN JUAN DE DIOS PUERTO CARRENO VICHADA,,Pública,,,,,,, ,0,,,,0,Vichada,Puerto CarreÃ±o
357,357,887,IPS SAS JARBSALUD,CL 33Bis 15 64,Privada,3657452,,,,,, ,0,,,,0,Bogota,Bogota
358,358,888,MEDICENTRO FAMILIAR IPS SAS,CALLE 20 # 98- 72,Privada,,,,,,, ,0,,,,0,Bogota,Bogota
359,359,890,IPS ARCASALUD SAS,,Privada,,,,,,, ,0,,,,0,Cundinamarca,Zipaquira
360,360,892,E.S.E HOSPITAL SAN RAFAEL DE LETICIA EN AMAZONAS,Carrera 10 #13-78 Avenida Vásquez Cobo,Pública,3203016118,,,,,, ,1,,,,0,Amazonas,Leticia
361,361,893,CLINICA MEDICAL DUARTE,"Av Libertadores # 0 - 71, Cúcuta Norte de Santander",Privada,5955859,,,,,, ,0,,,,0,Norte de santander,Cucuta
362,362,894,HOSPITAL NUESTRA SEÑORA DE LAS MERCEDES DE FUNZA,,Pública,,,,,,, ,3,,,,0,Cundinamarca,Funza
363,363,895,CENTRO MEDICO GIRARDOT,,,,,,,,,,0,,,,0,Cundinamarca,Girardot
364,364,896,CLINICA NORTE S.A,, ,,,,,,, ,0,,,,0,Norte de santander,Cucuta
365,365,897,CLINICA NUESTRA HOSPITALARIA,, ,,,,,,, ,0,,,,0,Valle del Cauca,Cali
366,366,898,CLINICA MEDILASER S.A,CARRERA 7 # 11 - 65 ,Privada,8724100,,,,,, ,0,,,,0,Huila,Neiva
367,367,899,HOSPITAL PROFESOR JORGE CAVALIER,, ,,,,,,, ,0,,,,0,Cundinamarca,Cajica
368,368,900,HOSPITAL SAN ANTONIO SESQUILE,, ,,,,,,, ,0,,,,0,Cundinamarca,Sesquile
369,369,901,HOSPITAL UNIVERSITARIO DE SANTANDER,, ,,,,,,, ,0,,,,0,Santander,Bucaramanga
370,370,902,CENTRAL DE URGENCIA LOIS PASTEUR ESE MELGAR,, ,,,,,,, ,0,,,,0,Tolima,Melgar
371,371,903,CLINICA CASANARE,, ,,,,,,, ,0,,,,0,Casanare,Yopal
372,372,904,ESE HOSPITAL SAN JOSE DE GUADUAS,, ,,,,,,, ,0,,,,0,Cundinamarca,Guaduas
373,373,905,CENTRO MEDICO SOACHA VENTURA TERREROS,, ,,,,,,, ,0,,,,0,Cundinamarca,Soacha
374,374,906,ESE HOSPITAL DE LA VEGA,, ,,,,,,, ,0,,,,0,Cundinamarca,La vega
375,375,907,ESE HOSPITAL SAN VICENTE DE PAUL DE SAN JUAN DE RIOSECO,, ,,,,,,, ,0,,,,0,Cundinamarca,San Juan de Rioseco
376,376,908,UNIDAD SE SERVICIOS DE SALUD EMAUS,,Pública,,,,,,,Red Norte,0,,,,0,Bogota,Bogota
377,377,909,HOSPITAL REGIONAL ALFONSO JARAMILLO SALAZAR LIBANO,, ,,,,,,, ,0,,,,0,Tolima,Libano
378,378,910,HOSPITAL SAN JUAN BAUTISTA CHAPARRAL,, ,,,,,,, ,0,,,,0,Tolima,Chaparral
379,379,911,HOSPITAL SAN ANTONIO DEL GUAMO,, ,,,,,,, ,0,,,,0,Tolima,Guamo
380,380,912,CLINICA MEDICENTER,, ,,,,,,, ,0,,,,0,Casanare,Yopal
381,381,913,GYOMEDICAL YOPAL,, ,,,,,,, ,0,,,,0,Casanare,Yopal
382,382,914,FUNDACION HOSPITAL SAN JOSE DE BUGA,, ,,,,,,, ,0,,,,0,Valle del Cauca,Buga
383,383,915,ESE HOSPITAL SAN JUAN DE DIOS DE HONDA,, ,,,,,,, ,0,,,,0,Tolima,Honda
384,384,916,CLINICA DE CHICAMOCHA,, ,,,,,,, ,0,,,,0,Santander,Bucaramanga
385,385,917,CLINICA GESTIONAR BIENESTAR SANTANDER,, ,,,,,,, ,0,,,,0,Santander,Bucaramanga
386,386,918,FUNDACION VALLE DE LILI CALI,, ,,,,,,, ,0,,,,0,Valle del Cauca,Cali
387,387,919,CLINICA NUESTRA IBAGUE,, ,,,,,,, ,0,,,,0,Tolima,Ibague
388,388,920,UNIDAD DE SALUD DE IBAGUE,, ,,,,,,, ,0,,,,0,Tolima,Ibague
389,389,921,CLINICA MATERNO INFANTIL SAN LUIS SA,, ,,,,,,, ,0,,,,0,Santander,Bucaramanga
390,390,922,ESE HOSPITAL SAN ROQUE UNION,, ,,,,,,, ,0,,,,0,Antioquia,San Roque
391,391,923,CENTRO MEDICO CALLE 63,AVENIDA CARRERA 24 # 62 - 50,Privada,3124043993,,,,,, ,0,,,,0,Bogota,Bogota
392,392,924,SERVICIO OCCIDENTAL DE SALUD PEREIRA,, ,,,,,,, ,0,,,,0,Risaralda,Pereira
393,393,925,CLINICA EL ROSARIO,, ,,,,,,, ,0,,,,0,Antioquia,Medellin
394,394,926,CLINICA COMFAMILIAR RISARALDA,, ,,,,,,, ,0,,,,0,Risaralda,Pereira
395,395,927,CLINICA LAS VEGAS,, ,,,,,,, ,0,,,,0,Antioquia,Medellin
396,396,928,UCIS DE COLOMBIA SAS,, ,,,,,,, ,0,,,,0,Norte de santander,Cucuta
397,397,929,CLINICA MEDILASER S.A. FLORENCIA,, ,,,,,,, ,0,,,,0,Caqueta,Florencia
398,398,930,EMPRESA SOCIAL DEL ESTADO IMSALUD,, ,,,,,,, ,0,,,,0,Norte de santander,Cucuta
399,399,931,E.S.E. HOSPITAL SAN JUAN DE DIOS PAMPLONA,, ,,,,,,, ,0,,,,0,Norte de santander,Pamplona
400,400,932,E.S.E. HOSPITAL SAN JOSE MARIQUITA,, ,,,,,,, ,0,,,,0,Tolima,Mariquita
401,401,933,HOSPITAL REGIONAL DE SAN GIL E.S.E,, ,,,,,,, ,0,,,,0,Santander,San Gil
402,402,934,ANGIOGRAFIA DECOLOMBIA SAS,, ,,,,,,, ,0,,,,0,Meta,Villavicencio
403,403,935,DUMIAN MEDICAL,, ,,,,,,, ,0,,,,0,Valle del Cauca,Cali
404,404,936,HOSPICLINIC COLOMBIA SAS PAMPLONA,, ,,,,,,, ,0,,,,0,Norte de santander,Pamplona
405,405,937,HOSPITAL GENERAL DE MEDELLIN LUZ CASTRO DE GUTIERREZ,, ,,,,,,, ,0,,,,0,Antioquia,Medellin
406,406,938,SOLUCIONES INTEGRALES EN SALUD AURUM MEDICAL,,Privada,,,,,,, ,0,,,,0,Bogota,Bogota
407,407,939,CLINICA MEDICOS ALTA COMPLEJIDAD DEL CARIBE,"Calle 14 #17 – 47 Valledupar – Cesar, Colombia",Privada,(57) (5) 847612,,,,,, ,3,,,,0,Cesar,Valledupar
408,408,940,HOSPITAL CARI ALTA COMPLEJIDAD,,Privada,,,,,,, ,3,,,,0,Atlántico,Barranquilla
409,409,941,IPS MIRED BARRANQUILLA,,Privada,,,,,,, ,3,,,,0,Atlántico,Barranquilla
410,410,942,CLINICA CMI INTERNACIONAL,,Privada,,,,,,, ,2,,,,0,Atlántico,Barranquilla
411,411,943,IPS OINSAMED,,Privada,,,,,,, ,3,,,,0,Atlántico,Barranquilla
412,412,944,IPS MISERICORIDIA DE BARRANQUILLA,,Privada,,,,,,, ,3,,,,0,Atlántico,Barranquilla
413,413,945,CODE NORTE IPS,,Privada,,,,,,,Red Norte,3,,,,0,Bogota,Bogota
414,414,946,HOSPITAL CARI DE BARRANQUILA,,Privada,,,,,,, ,3,,,,0,Atlántico,Barranquilla
415,415,948,HOSPITAL SAN JUAN DE DIOS CALI,"CARRERA 4 # 17-67, Cali, Valle del Cauca",Pública,4892222,,,,,, ,0,,,,0,Valle del Cauca,Cali
416,416,949,CLINICA BONNADONA PREVENIR,,Privada,,,,,,, ,0,,,,0,Atlántico,Barranquilla
417,417,951,CLINICA LOS ALMENDROS,,Privada,,,,,,, ,0,,,,0,Atlántico,Barranquilla
418,418,952,CLINICA UROS,,Privada,,,,,,,,0,,,,0,Huila,Neiva
419,419,953,IPS IOSAMED,,,,,,,,,,0,,,,0,Atlántico,Barranquilla
420,420,954,ESE HOSPITAL DEPARTAMENTAL SAN FRANCISCO DE ASIS QUIBDO,, ,,,,,,, ,0,,,,0,Choco,Quibdo
421,421,955,ESENCIAL IPS,,Privada,,,,,,,,0,,,,0,Bogota,Bogota
422,422,956,CLINICA FOSCAL INTERNACIONAL,"Cl. 157 #23-99, Floridablanca, Santander",Privada,6797979,,,,,, ,0,,,,0,Santander,Floridablanca
423,423,957,SERMEDIC IPS SA,,Privada,,,,,,, ,0,,,,0,San AndrésyProvidencia,San Andres
424,424,958,ESE HOSPITAL UNIVERSITARIO DEL CARIBE CARTAGENA,,Pública,,,,,,, ,0,,,,0,Bolivar,Cartagena
425,425,960,ESE HOSPITAL SAN ANTONIO DE SOATA,,,,,,,,,,0,,,,0,Boyaca,Soata
426,426,961,HOSPITAL REGIONAL SEGUNDO NIVEL DE ATENCION VALLE DE TENZA,,,,,,,,,,0,,,,0,Boyaca,Sutatenza
427,427,963,VIRREY SOLIS UBBC GRANADA,,,,,,,,,,0,,,,0,Cundinamarca,Girardot
428,428,964,E.S.E. HOSPITAL SAN ANTONIO DE ANOLAIMA,,,,,,,,,,0,,,,0,Cundinamarca,Anolaima
429,429,965,E.S.E. HOSPITAL SAN ANTONIO DE NATAGAIMA TOLIMA,CL 6 11 ESQUINA,,2269829,,,,,,,0,,,,0,Tolima,Natagaima
430,430,966,CENTRO DE EXCELENCIA EN CUIDADOS CRONICOS Y PALIATIVOS ESENCIAL IPS,,Privada,,,,,,, ,0,,,,0,Bogota,Bogota
431,431,967,BIENAVENTURANZA IPS,AV. CALLE 53 # 71a -13,Privada,7432442,,,,,, ,0,,,,0,Bogota,Bogota
432,432,968,CLINICA SANTA ANA S.A DE CUCUTA,,,,,,,,,,0,,,,0,Norte de santander,Cucuta
433,433,969,ESE HOSPITAL UNIVERSITARIO HERNANDO MONCALEANO PERDOMO,CALLE 09 # 15-25,Pública,(8) 8715907,,,,,, ,0,,,,0,Huila,Neiva
434,434,970,HOSPITAL REGIONAL DEL MAGDALENA MEDIO,,,,,,,,,,0,,,,0,Santander,Barrancabermeja
435,435,971,E.S.E HOSPITAL UNIVERSITARIO SAN JOSE DE POPAYAN,,,,,,,,,,0,,,,0,Cauca,Popayan
436,436,972,CLINICA CAFAM SANTA BARBARA,Calle 127 #16ª – 27,Privada,7561822,,,,,, ,0,,-,,0,Bogota,Bogota
437,437,973,CLINICA JULIO SANDOVAL MEDINA,,Privada,,,,,,, ,4,,-,,0,Boyaca,Sogamoso
438,438,975,ESE HOSPITAL MARCO FELIPE AFANADOR DE TOCAIMA,,,,,,,,,,0,,,,0,Cundinamarca,Tocaima
439,439,976,E.S.E HOSPITAL SAN ANTONIO DE ARBELAEZ,,,,,,,,,,0,,,,0,Cundinamarca,Arbelaez
440,440,977,ESE HOSPITAL UNIVERSITARIO DEPARTAMENTAL DE NARIÑO,Calle 22 # 7 - 93 Parque Bolvar,Pública,7333400,,,,,, ,0,,-,,0,Nariño,Pasto
441,441,978,HOSPICLINIC DE COLOMBIA SAS,Calle 4 # 11E - 12B Colsag,Privada,5745739,,,,,, ,0,,-,,0,Norte de santander,Cucuta
442,442,981,ESE HOSPITAL SAN JUAN DE DIOS DE ARMENIA,,,,,,,,,,0,,,,0,Quindio,Armenia
443,443,982,HOSPITAL UNIVERSITARIO SAN JORGE DE PEREIRA,, ,,,,,,, ,0,,-,,0,Risaralda,Pereira
444,444,983,CLINICA SHARON MEDICAL GROUP,, ,,,,,,, ,0,,-,,0,Tolima,Ibague
445,445,985,"HOSPITAL DEPARTAMENTAL DE SAN ANDRES, PROVIDENCIA Y SANTA CATALINA",Bahia Hooker Via San Luis,Pública,3107685270,,,,,, ,0,,-,,0,San Andrés y Providencia,San Andres
446,446,986,SOCIEDAD DE ESPECIALISTA DE GIRARDOT,,Privada,,,,,,, ,0,,-,,0,Cundinamarca,Girardot
447,447,987,CLINICA DEL CESAR S.A.,, ,,,,,,, ,0,,-,,0,Cesar,Valledupar
448,448,988,ESE HOSPITAL SALAZAR DE VILLETA,,Pública,,,,,,, ,0,,-,,0,Cundinamarca,Villeta
449,449,989,UNIDAD MATERNO INFANTIL DEL TOLIMA,, ,,,,,,, ,0,,-,,0,Tolima,Ibague
450,450,991,CLINICA NORTE,CRA 19 # 19 - 39 ,Privada,5828222,,,,,, ,0,,-,,0,Norte de santander,Cucuta
451,451,992,GRUPO EMPRESARIAL VENUS SAS UT CLINICA JULIO SANDOVAL MEDINA,CR 10 No 11 - 72,Privada,3173675373,,,,,, ,0,,-,,0,Boyaca,Sogamoso
452,452,993,CLINICA LA SAGRADA FAMILIA,,,,,,,,,,0,,,,0,Quindio,Armenia
453,453,994,HOSPITAL SAN JOSE DE MAICAO,,,,,,,,,,0,,,,0,La guajira,Maicao
454,454,995,E.S.E HOSPITAL NIÑO JESUS DE BARRANQUILLA,Carrera 75 No. 79B-50,Pública,3177030,,,,,, ,0,,-,,0,Atlántico,Barranquilla
455,455,996,MEINTEGRAL SAS - TOLIMA,AV. FUNDADORES # 02 - 111 QUINTO PISO ,Privada,(8) 2561947,,,,,, ,0,,-,,0,Tolima,Ibague
456,456,997,ESE HOSPITAL SAN JOSE DEL GUAVIARE,CLLE 12 # 20B LA ESPERANZA,Pública,5844045,,,,,, ,2,5840531,-,,0,Guaviare,San Jose Del Guaviare
457,457,998,E.S.E HOSPITAL SANTA MARTA DE SAMACA,Cl. 4 No. 2-18,Pública,7372184,,,,,, ,0,,-,,0,Boyaca,Duitama
458,458,999,E.S.E HOSPITAL JOSE CAYETANO VASQUEZ,"Ak. 5, Puerto Boyacá, Boyacá",Pública,7386124,,,,,, ,0,,-,,0,Boyaca,Duitama
459,459,1000,CLINICA MEDILASER S.A. NEIVA,CRA 7 # 11-65,Privada,8724100 EXT 1160,,,,,, ,0,,-,,0,Huila,Neiva
460,460,1001,CLINICA SAN JUAN BAUTISTA,,,,,,,,,,0,,,,0,La Guajira,San Juan del Cesar
461,461,1002,CLINICA INTERNACIONAL DE ALTA TECNOLOGIA EN CANCER,"Km 6 vía Ibagué-Espinal sector, Ibagué, Tolima",Privada,350 3189837,,,,,, ,3,,-,,0,Tolima,Ibague
462,462,1003,FUNDACION CARDIOVASCULAR DE COLOMBIA ZONA FRANCA S.A.S,ZONA FRANCA PIEDECUESTA KM 7 VEREDA DE MENZULY,Privada,6393936,,,,,, ,0,,-,,0,Santander,Florencia
463,463,1004,HOSPITAL SAN JUAN DE DIOS SEDE CARTAGO VALLE DEL CAUCA,"Cartago, Valle del Cauca",Pública,,,,,,, ,3,,-,,0,Valle del Cauca,Caqueza
464,464,1005,UNIDAD DE URGENCIAS ALTO PRADO BARRANQUILLA,carrera 46#79-191,Privada,5948650,,,,,, ,0,,-,,0,Atlántico,Barranquilla
465,465,1006,FUNDACION HOSPITALARIA SAN VICENTE DE PAUL MEDELLIN,,Privada,,,,,,, ,3,,-,,0,Antioquia,Medellin
466,466,1007,ESE HOSPITAL MANUEL URIBE ANGEL,Cra 41 # 38S # 57,Pública,3394800,,,,,, ,0,,-,,0,Antioquia,Envigado
467,467,1008,CLINICA CONQUISTADORES,Cra 65 # 34A - 16,Privada,6052252,,,,,, ,0,,-,,0,Antioquia,Medellin
468,468,1009,CLINICA DE LA POLICIA,Cra 43A # 48C Sur - 45,Privada,3396739,,,,,, ,0,,-,,0,Antioquia,Envigado
469,469,1010,CLINICA DE LA POLICIA ESPCO CLINICA DEANT,"Carrera 43A, Cl. 48c Sur #45",Privada,(4) 3396739,,,,,, ,0,,-,,0,Antioquia,Envigado
470,470,1011,URGESALUD IPS SAS,calle 10A # 22-03 Vía Oriental,Pública,(035) 3764222,,,,,, ,0,316 525 0176,-,,0,Atlántico,Malambo
471,471,1012,NUEVA CLINICA SAGRADO CORAZON,Cl. 49 #35 – 61,Privada,2151000,,,,,, ,0,,-,,0,Antioquia,Medellin
472,472,1013,"SOCIEDAD CLINICA IBEROAMERICANA S,A.S",,Privada,,,,,,, ,4,,-,,0,Bogota,Bogota
473,473,1014,CLINICA ANTIOQUIA S.A. - SEDE BELLO,, ,,,,,,, ,0,,-,,0,Antioquia,Medellin
474,474,1015,CLINICA ANTIOQUIA S.A. - SEDE ITAGUI,,Privada,,,,,,, ,4,,-,,0,Antioquia,Medellin
475,475,1016,ESE SAN RAFAEL DE ITAGUI,CL 47# 48-63,Pública,4602300,,,,,, ,0,,-,,0,Antioquia,Medellin
476,476,1017,ESE METROSALUD,CLL 72 A # 48A-20,Pública,2110260,,,,,, ,0,,-,,0,Antioquia,Medellin
477,477,1018,ESE HOSPITAL SAN JUAN DE DIOS EL CARMEN DE VIBORAL,CRA 31# 19-58 ,Pública,5434343,,,,,, ,0,,-,,0,Antioquia,Carmen de Viboral
478,478,1019,HOSPITAL PABLO TOBON URIBE,CL 78B # 69-240,Privada,445900,,,,,, ,0,,-,,0,Antioquia,Medellin
479,479,1020,CLINICA AVIDANTI SANTA MARTA,CRA 4A #26A-71 ,Privada,4366144,,,,,, ,0,,-,,0,Magnadela,Santa Marta
480,480,1021,CLINICA SAN JUAN DE DIOS LA CEJA,LA CEJA ANTIOQUIA,Privada,5352020,,,,,, ,0,,-,,0,Antioquia,La Ceja
481,481,1022,CLINICA JALLER BARRANQUILLA,CL 61 ESQUINA CRA 53 ,Privada,3687676,,,,,, ,0,,-,,0,Magnadela,Barranquilla
482,482,1023,CLINICA ESPECIALIZADA EMMSA,BELLO ANTIOQUIA,Privada,4488980,,,,,, ,0,,-,,0,Antioquia,Medellin
483,483,1024,CLINICA DEL PRADO CIUDAD DEL RIO,CLL 19A #44-25,Privada,5765700,,,,,, ,0,,-,,0,Antioquia,Medellin
484,484,1025,CLINICA LAS AMERICAS MEDELLIN,DG 75B #2A 80,Privada,3421010,,,,,, ,0,,-,,0,Antioquia,Medellin
485,485,1026,INCODOL MEDELLIN,AV 33 #74E 156,Privada,4488919,,,,,, ,0,,-,,0,Antioquia,Medellin
486,486,1027,ESE HOSPITAL LA MARIA MEDELLIN,CLL 92 #67-61,Pública,4447192,,,,,, ,0,,-,,0,Antioquia,Medellin
487,487,1028,CIS COMFAMA MEDELLIN,CL 47#80-05, ,3607080,,,,,, ,0,,-,,0,Antioquia,Medellin
488,488,1029,ESPCO CLINICA PONAL ENVIGADO,CRA 43A #48C SUR 45 ,Privada,3396739,,,,,, ,0,,-,,0,Antioquia,Envigado
489,489,1030,CLINICA SALUD SOCIAL SAS SINCELEJO,CRA 16# 27A 74,Privada,2804381,,,,,, ,0,,-,,0,Sucre,Sincelejo
490,490,1031,HOSPITAL UNIVERSIDAD DEL NORTE,"Calle 30, Soledad, Atlántico ",Pública,(5) 3858131,,,,,, ,0,,-,,0,Atlántico,Barranquilla
491,491,1032,CIS CONFAMA - SAN ANTONIO DEL PRADO,Calle 54 # 52 - 15 Itagüi,Privada,(4) 3741174,,,,,, ,0,,-,,0,Antioquia,Medellin
492,492,1033,ESE HOSPITAL NUESTRA SEÑORA DEL CARMEN,Cra. 8 # 6- 22 Mesitas del Colegio,Pública,8475710,,,,,, ,0,,-,,0,Cundinamarca,Mesitas del Colegio
493,493,1034,CLINICA LEON XIII,Calle 69 # 51C - 24,Privada,018000123838,,,,,, ,0,,-,,0,Antioquia,Medellin
494,494,1035,CLINICA SAN RAFAEL LTDA - BARRANQUILLA,Calle 20 # 16 - 42, ,8783544,,,,,, ,0,,-,,0,Atlántico,Barranquilla
495,495,1036,CLINICA MEDELLIN,Cra 65 # 30 - 95,Privada,4446152,,,,,, ,0,,-,,0,Antioquia,Medellin
496,496,1038,E.S.E. HOSPITAL MARCO FIDEL SUAREZ DE BELLO,Cl. 44 #49B-90,Pública,(4) 4549000,,,,,, ,3,,-,,0,Antioquia,Bello
497,497,1039,CLINICA SOMA-MEDELLIN, Cl. 51 ##45-93,Privada,(4) 5768400,,,,,, ,0,,-,,0,Antioquia,Medellin
498,498,1040,CLINICA AMIGOS DE LA SALUD-MONTERIA,"Cl. 39, Montería, Córdoba",Privada,318 7826493,,,,,, ,0,,-,,0,Cordoba,Monteria
499,499,1041,CLINICA DEL CARIBE S.A.,Calle 80 No. 49C - 65,Privada,000,,,,,, ,0,,-,,0,Atlántico,Barranquilla
500,500,1042,CLINICA CES,Calle 58 N° 50C-2 Prado Centro,Pública,(4) 3229303,,,,,, ,0,,-,,0,Antioquia,Medellin
501,501,1043,ESE HOSPITAL SAN JUAN DE DIOS MARINILLA,Cra 37 # 28 - 85,Pública,(4) 5484044,,,,,, ,0,,-,,0,Antioquia,Medellin
502,502,1044,SERVIUCIS SAS,Clle 56 # 48 - 80,Privada,,,,,,, ,0,,-,,0,Antioquia,Rionegro
503,503,1045,VIRREY SOLIS SAN DIEGO,Cra 49 # 60 -50,Privada,018000114524,,,,,, ,0,,-,,0,Antioquia,Medellin
504,504,1046,HOSPITAL UNIVERSITARIO SAN VICENTE FUNDACION,Clle 64 # 51a - 154 Medellín - Antioquía,Pública,(4) 4441333,,,,,, ,0,,-,,0,Antioquia,Medellin
505,505,1047,FUNDACION HOSPITAL SAN VICENTE DE PAUL RIONEGRO,Vereda la Convención Km 2.3,Pública,44448717,,,,,, ,0,,-,,0,Antioquia,Medellin
506,506,1048,CLINICA DE LA MUJER - SANTA MARTA,Calle 22 # 21- 16,Privada,(5) 4204089,,,,,, ,0,,-,,0,Magnadela,Santa Marta
507,507,1049,URGENCIAS IPS SURA CORDOBA,Tv. 78 # 67 - 65,Privada,(4) 4099550,,,,,, ,0,,-,,0,Antioquia,Medellin
508,508,1050,E.S.E HOSPITAL REGIONAL DE VELEZ,CALLE 11 No. 5-114,Pública,7564213,,,,,, ,3,,-,,0,Santander,Velez
509,509,1051,E.S.E. HOSPITAL SAN VICENTE DE PAUL LORICA,CRA 26 N° 17 124 BARRIO SAN PEDRO,Pública,7739510,,,,,, ,0,,-,,0,Cordoba,Lorica
510,510,1052,E.S.E. HOSPITAL SANTAMARIA,Cra Santander 45-90,Pública,8463710,,,,,, ,0,,-,,0,Antioquia,Santa Barbara
511,511,1053,IPS SURA CORDOBA,Tv. 78 ## 67 #65417,Privada, (4) 4099550,,,,,, ,0,,-,,0,Antioquia,Medellin
512,512,1054,CLINICA VIDA MEDELLIN,Avenida 33 # 63A -18,Privada,4480016,,,,,, ,0,,-,,0,Antioquia,Medellin
513,513,1055,IPS SURA LOS MOLINOS MEDELLIN,Carrera 82C #30a 116,Privada,3409090,,,,,, ,0,,-,,0,Antioquia,Medellin
514,514,1056,CLINICA CENTRAL FUNDADORES MEDELLIN,Cl. 53 #46-38,Privada,3221125,,,,,, ,0,,-,,0,Antioquia,Medellin
515,515,1057,HOSPITAL SAN JUAN DE DIOS RIONEGRO,Rionegro-Autopista Medellín,Privada,5313700,,,,,, ,0,,-,,0,Antioquia,Rionegro
516,516,1058,HOSPITAL SAN JUAN DE DIOS DE HONDA,"Calle 9, Avenida Centenario No 16 - 38",Privada,2513100,,,,,, ,0,,-,,0,Tolima,Honda
517,517,1059,CLINICA MAR CARIBE SANTA MARTA,Cra. 19a #23-3,Privada,4206465,,,,,, ,0,,-,,0,Magnadela,Santa Marta
518,518,1060,IPS SURA LAS VEGAS MEDELLIN,Cl. 2 Sur#46-55,Privada,3120038,,,,,, ,0,,-,,0,Antioquia,Medellin
519,519,1061,EPS SURA ALTOS DEL PRADO BARRANQUILLA,Cra 50 No 79-17&#8203;9,Pública,3686696,,,,,, ,0,,-,,0,Atlántico,Barranquilla
520,520,1062,ESE HOSPITAL MARCO FIDEL SUAREZ DE BELLO,Calle 44 # 49B - 90,Pública,(4) 4549000,,,,,, ,0,,-,,0,Antioquia,Bello
521,521,1063,VIRREY SOLIS IPS S.A. SANTA MARTA,Carrera 32 # 24 - 11,Privada,4473535,,,,,, ,0,,-,,0,Magnadela,Santa Marta
522,522,1064,UNIDAD CLINICA LA MAGDALENA S.A.S,Cl. 50 #24-37,Privada,6007000,,,,,, ,0,,-,,0,Santander,Anolaima
523,523,1065,UUBC CORDIALIDAD S.A. SALUD TOTAL,Calle 56 # 10b - 140,Pública,N/A,,,,,, ,0,,-,,0,Atlántico,Barranquilla
524,524,1066,E.S.E. HOSPITAL SAN RAFAEL YOLOMBO,no tiene,Pública,(4) 8654859,,,,,, ,0,,-,,0,Antioquia,Yolombo
525,525,1067,CORPORACION HOSPITAL SAN JUAN DE DIOS - UNIREMINGTON,Cra. 28 ##26a-34,Privada,8608302 ext. 105,,,,,, ,0,,-,,0,Antioquia,Santa Rosa de Osos
526,526,1068,SALUD SURA INDUSTRIALES,Cl. 26 # 44-69,Privada,(4) 3506888,,,,,, ,0,,-,,0,Antioquia,Medellin
527,527,1069,ESE HOSPITAL DEPARTAMENTAL UNIVERSITARIO DEL QUINDIO SAN JUAN DE DIOS,Clle 17 Nte,Pública,(6) 7493500,,,,,, ,0,,-,,0,Quindio,Armenia
528,528,1070,HOSPITAL INFANTIL RAFAEL HENAO TORO,Av. Santander #49-30,Pública,(6) 8810023,,,,,, ,0,,-,,0,Caldas,Manizales
529,529,1071,ESE HOSPITAL SANTA MARGARITA COPACABANA,Cra. 64 ##No. 48-80, ,311 7495835,,,,,, ,0,,-,,0,Antioquia,Copacabana
530,530,1072,DIRECCION GENERAL DE SANIDAD MILITAR,"REGIONAL 7 MEDELLIN, CUARTA BRIGADA",Privada,3214224139,,,,,, ,3,,-,,0,Antioquia,Medellin
531,531,1073,ESE HOSPITAL VENANCIO DIAZ DIAZ,Cl. 77 Sur #46-43,Pública,(4) 2889701,,,,,, ,0,,-,,0,Antioquia,Sabaneta
532,532,1074,FUNDACION CLINICA DEL NORTE,Av. 38 #59-50,Privada,(4) 4481270,,,,,, ,0,,-,,0,Antioquia,Bello
533,533,1075,ESE HOSPITAL DEL SUR ITAGUI GABRIEL JARAMILLO PIEDRAHITA,Cl. 73a #52b - 25,Pública,(4) 4445755,,,,,, ,0,,-,,0,Antioquia,Itagüi
534,534,1076,ESE HOSPITAL SAN JUAN DE DIOS SANTA FE DE ANTIOQUIA,Santa Fé de Antioquia,Pública,(4) 8531020,,,,,, ,0,,-,,0,Antioquia,Santa fé de Antoquia
535,535,1077,CLINICA UNIVERSITARIA BOLIVARIANA,Cra 72A #78b -50,Privada,(4) 4455900,,,,,, ,0,,-,,0,Antioquia,Medellin
536,536,1078,CLINICA DE LA POLICIA,"Carrera 43A, Cl. 48c Sur #45",Privada,(4) 3396739,,,,,, ,0,,-,,0,Antioquia,Envigado
537,537,1079,ESE HOSPITAL SAN VICENTE DE PAUL CALDAS,Cra 48 # 135 Sur,Pública,(4) 3786300,,,,,, ,0,,-,,0,Antioquia,Caldas
538,538,1080,CLUB DE LEONES CARCELEN,,Privada,,,,,,,Red Occidente,0,,-,,0,Ecuador,Quito
539,539,1081,E.S.E. HOSPITAL SAN JUAN DE DIOS SEGOVIA,Cra. 59 #49 - 91,Pública,8314553,,,,,, ,2,,-,,0,Antioquia,Segovia
540,540,1082,CLINICA VICTORIANA,Cra. 49 #58-19,Privada,3228064,,,,,, ,3,,-,,0,Antioquia,Medellin
541,541,1083,ESE HOSPITAL LA MERCED,Cl. 49 #36-29,Pública,8411182,,,,,, ,3,,-,,0,Antioquia,CIUDAD BOLIVAR
542,542,1084,HOSPITAL UNIVERSITARIO SAN VICENTE FUNDACION,Calle 64 # 51D - 154,Pública,4441333,,,,,, ,3,,-,,0,Antioquia,Medellin
543,543,1085,ESE HOSPITAL SAN RAFAEL DE GIRARDOTA,Cra. 16 ## 11- 01,Pública,4052440,,,,,, ,2,,-,,0,Antioquia,GIRARDOTA
544,544,1086,UUBC SOLEDAD SALUD TOTAL,"Calle 30, Soledad",Privada,3103647028,,,,,, ,0,,-,,0,Atlántico,Barranquilla
545,545,1087,ESE HOSPITAL SAN JUAN DE DIOS DE YARUMAL,,Pública,(4) 8537373,,,,,, ,0,,-,,0,Antioquia,Yarumal
546,546,1088,UNIDAD DE URGENCIAS ALTO PRADO,Cra. 46# 79-191,Privada,,,,,,, ,0,,-,,0,Atlántico,Barranquilla
547,547,1089,CLINICA DE FRACTURAS VITA SAS,Clle 12 # 2 - 03 ,Privada,,,,,,, ,0,,-,,0,Caldas,La dorada
548,548,1090,ESE HOSPITAL SAN ANTONIO DE GUATAVITA,,Pública,3228478257,,,,,, ,0,,-,,0,Cundinamarca,Guatavita
549,549,1091,CLINICA REGIONAL DE ESPECIALISTAS SINAIS VITAIS S.A.S,Calle 18 # 16-09 Barrio San Martin,Privada,(5) 5781068,,,,,, ,0,,-,,0,Cesar,Bosconia
550,550,1092,CLINICA LA ASUNCION,Cl. 70b # 41 - 94,Privada,(5) 3365900,,,,,, ,0,,-,,0,Atlántico,Barranquilla
551,551,1093,CLINICA LA ASUNCION,Cl. 70b # 41 - 94,Privada,(5) 3365900,,,,,, ,0,,-,,0,Atlántico,Barranquilla
552,552,1094,HOSPITAL DE BARANOA,Clle 19 # 20 - 10,Pública,(5) 3161199,,,,,, ,0,,-,,0,Atlántico,Baranoa
553,553,1095,ESE HOSPITAL SANTADER HERRERA,Clle 14 # 14 - 2,Pública,3216607201,,,,,, ,0,,-,,0,Magdalena,Pivijay
554,554,1096,ESE METROSALUD,Calle 14 # 43B - 09,Pública,(4) 5117505,,,,,, ,0,,-,,0,Antioquia,Medellin
555,555,1097,ESE HOSPITAL SAN RAFAEL NIVEL II DE SAN JUAN DEL CESAR,Clle 5 # 03 - 05 Albania,Pública,,,,,,, ,0,,-,,0,La Guajira,San Juan del Cesar
556,556,1098,HOSPITAL CON ALMA PABLO TOBON URIBE,Cl 78b #69-240,Pública,4459000,,,,,, ,3,,-,,0,Antioquia,Medellin
557,557,1099,ESE HOSPITAL LOCAL SANTA MARIA MAGDALENA DE MALAMBO,Calle 10 C2 AA No. 23-93,Pública,3162213,,,,,, ,0,,-,,0,Atlántico,Malambo
558,558,1100,NUEVA E.S.E. HOSPITAL SAN RAFAEL DE JERICO,Kr 5 # 9-157,Pública,1111,,,,,, ,3,,-,,0,Antioquia,JERICO
559,559,1101,ORGANIZACION CLINICA GENERAL DEL NORTE,CARRERA 48 70 38,Privada,3091666,,,,,, ,2,,-,,0,Atlántico,Barranquilla
560,560,1102,ESE HOSPITAL PADRE CLEMENTE GIRALDO,CL 21 # 25-02,Pública,8320742,,,,,, ,2,,-,,0,Antioquia,SAN ROQUE
561,561,1103,UUBC REINA CATALINA,Carrera 47 No.80-266,Privada,3784013,,,,,, ,2,,-,,0,Atlántico,Barranquilla
562,562,1104,ESE HOSPITAL REGIONAL SAN RAFAEL DE SAN JUAN DEL CESAR,SAN JUAN DEL CESAR,Pública,1111,,,,,, ,2,,-,,0,La Guajira,San Juan del Cesar
563,563,1105,FUNDACION INSTITUTO NEUROLOGICO DE COLOMBIA,CL 55 ##46-36,Privada,5766666,,,,,, ,2,,-,,0,Antioquia,Medellin
564,564,1106,ESE HOSPITAL SAN FERNANDO AMAGA,Cra 51 #52B-59,Pública,8472926,,,,,, ,3,,-,,0,Antioquia,AMAGA
565,565,1107,HOSPITAL SAN JUAN DE DIOS ANORI,Cra. 30 a 31-103,Pública,8350803,,,,,, ,0,,-,,0,Antioquia,Anori
566,566,1108,CENTRO DIAGNOSTICO DE ESPECIALISTAS CLINICA CEDES,Cl. 13 # 11 - 75,Privada,Cl. 13 #1175,,,,,, ,0,300 8376401,-,,0,La Guajira,Riohacha
567,567,1109,CLINICA PORTOAZUL,Km 2 Vía Puerto Colombia,Privada,,,,,,, ,0,,-,,0,Atlántico,Barranquilla
568,568,1110,UBBC SOLEDAD,, ,,,,,,, ,0,,-,,0,Atlántico,Soledad
569,569,1111,CLINICA ANASHIWAYA,Calle 15 # 82,Privada,(5) 7282669,,,,,, ,0,,-,,0,La Guajira,Riohacha
570,570,1112,ANASHIWAYA IPSI RIOHACHA,Cl. 15 #82,Privada,7282669,,,,,, ,0,,-,,0,La Guajira,Riohacha
571,571,1113,ESE HOSPITAL DE LA CEJA,Calle 17 # 19 - 55,Pública,(4) 5531444,,,,,, ,0,,-,,0,Antioquia,La Ceja
572,572,1114,ESE HOSPITAL SAN RAFAEL DE CAQUEZA, Cl. 5 #5-73,Pública,0918480353 Ext. 133,,,,,, ,2,,-,,0,Cundinamarca,Caqueza
573,573,1115,CENTRO MEDICO SAN LUIS CLINICA QUIRURJICA CAJICA,Cl. 1 N° 3 - 61,Privada,8837318,,,,,, ,0,,-,,0,Cundinamarca,Cajica
574,574,1116,INVERSIONES MEDICAS DE LOS ANDES SAS,TV 11 # 30 61,Privada,7405072,,,,,, ,0,,-,,0,Boyaca,Tunja
575,575,1117,CLINICA CAFAM SANTA BARBARA,CL 127 16,Privada,,,,,,, ,3,,-,,0,Cundinamarca,Bogota
576,576,1118,FUNDACION CARDIOVASCULAR DE COLOMBIA FLORIDABLANCA,FLORIDABLANCA,Privada, 6399292,,,,,, ,0,,-,,0,Santander,FLORIDABLANCA
577,577,1119,SOCIEDAD CLINICA EMCOSALUD,CALLE 5 6 73,Privada, 8336540,,,,,, ,0,,-,,0,Huila,Neiva
578,578,1120,CENTRO ESPECIALIZADO SUBA,,Privada,,,,,,,Red Sur,1,,-,,0,Bogota,Bogota
579,579,1121,CENTRO MEDICO TIERRA GRATA,Cra 101 69 57,Privada,312 4043993,,,,,, ,0,,-,,0,Cundinamarca,Bogota
580,580,1122,CLINICA SAN LUIS CAJICA,Calle 1 #3 - 61,Privada,,,,,,, ,3,,-,,0,Cundinamarca,Caqueza
581,581,1123,HOSPITAL DEPARTAMENTAL DEL META,Barranca de Upía,Pública,,,,,,, ,1,,-,,0,Meta,Baranoa
582,582,1124,HOSPITAL UNIVERSITARIO CARI,,Privada,,,,,,,Red Sur,4,,-,,0,Atlántico,Barranquilla
583,583,1126,HOSPITAL UNIVERSITARIO HERNANDO MONCALEANO PERDOMO ESE,CALLE 9 NO 15 25,Pública,311-2648666,,,,,, ,0,,-,,0,Huila,Neiva
584,584,1127,UNIDAD DE URGENCIAS NORTE SANITAS,,Privada,,,,,,, ,0,,-,,0,Cundinamarca,Bogota
585,585,1128,CARE & HEALTH SAS TOCANCIPA,Cra 4 # 12 - 34,Privada,3212328249,,,,,, ,0,,-,,0,Cundinamarca,Tocancipa
586,586,1129,CLINICA CENTRAL FUNDADORES BOGOTA,Cra. 36 # 25 C 15,Privada,(1) 7450966,,,,,, ,0,,-,,0,Cundinamarca,Bogota
587,587,1130,SOCIEDAD MEDICA DE ORTOPEDIA Y ACCIDENTES LABORALES,Cl 6 A # 70-08,Privada,,,,,,, ,0,,-,,0,Cundinamarca,Bogota
588,588,1131,HOSPITAL GENERAL SAN ISIDRO ESE,CRA 09A NORTE,Pública,(8) 8968278,,,,,, ,0,,-,,0,Caldas,Manizales
589,589,1132,CLINICA MISERICORDIA INTERNACIONAL SAS,CRA 74 # 76 - 105,Privada,(5) 3112626,,,,,, ,0,,-,,0,Atlántico,Barranquilla
590,590,1133,CLINICA DE ORTOPEDIA Y ACCIDENTES LABORALES,,Privada,,,,,,,Red Occidente,4,,-,,0,Bogota,Bogota
591,591,1134,CLINICA CENTRAL DEL QUINDIO,Carrera 13 1N 35,Privada,(6) 7378160,,,,,, ,0,,-,,0,Quindio,Armenia
592,592,1135,E.S.E. HOSPITAL SAN RAFAEL DE PACHO,,Pública,,,,,,, ,3,,-,,0,Cundinamarca,Pacho
593,593,1136,CLINICA MEDICOS SEDE ALTA COMPLEJIDAD DEL CARIBE,El Esquinazo Paisa,Privada,5847612,,,,,, ,0,,-,,0,Cesar,Valledupar
594,594,1137,CLINICA SANTA ANA DE DIOS S.A.S DE BARRANQUILLA,Cl. 70b #41-163,Privada,3173647373,,,,,, ,0,,-,,0,Atlántico,Barranquilla
595,595,1138,CLINICA SAN IGNACIO LTDA BARRANQUILLA,Calle 76 No. 6B – 36,Privada, (5) 3852438,,,,,, ,0,,-,,0,Atlántico,Barranquilla
596,596,1139,CLINICA MURILLO,CALLE 45 # 20 -77,Privada,3143710500,,,,,, ,0,,-,,0,Atlántico,Barranquilla
597,597,1140,VIVA 1A SAN MARTIN DE BARRANQUILLA,CRA 52 # 76 - 167,Privada,3859111,,,,,, ,0,,-,,0,Atlántico,Barranquilla
598,598,1141,CLINICA EL PRADO BARRANQUILLA,Cl. 59 #50-10,Privada,(5) 3678900,,,,,, ,0,,-,,0,Atlántico,Barranquilla
599,599,1142,CENTRO HOSPITALARIO BARRANCOMINAS,, ,,,,,,, ,0,,-,,0,Guainia,Barrancominas 
600,600,1143,CLINICA ALTOS DEL PRADO,Carrera 50 #79-154 Al Norte De Barranquilla,Privada,,,,,,, ,0,,-,,0,Atlántico,Barranquilla
601,601,1144,ESE HOSPITAL SAN RAFAEL DE GIRARDOT,CRA 5 # 22 ESQUINA,Pública,(1) 8886135,,,,,, ,0,,-,,0,Cundinamarca,Girardot
602,602,1145,E.S.E HOSPITAL UNIVERSITARIO JULIO MENDEZ BARRENECHE,Cra. 14 ##23-42,Pública,(5) 4365007,,,,,, ,0,,-,,0,Magdalena,Santa Marta
603,603,1146,CLINICA SAN JOSE DE CUCUTA S.A.,"Cúcuta, Norte de Santander",Privada, (7) 5821111,,,,,, ,0,,-,,0,Santander,Cucuta
604,604,1147,ESE HOSPITAL UNIVERSITARIO JULIO MENDEZ BARRENECHE,Cra 14 # 23 - 42,Pública,(5) 4365007,,,,,, ,0,,-,,0,Magdalena,Santa Marta
605,605,1148,CLINICA LA MERCED IPS DE BARRANQUILLA,Calle 60 # 38 –29,Privada,,,,,,, ,0,,-,,0,Atlántico,Barranquilla
606,606,1149,NUEVA CLINICA EL CARMEN DE BARRANQUILLA, Cl. 71 N 38 4,Privada,3221717,,,,,, ,0,,-,,0,Atlántico,Barranquilla
607,607,1150,CLINICA SAN MARTIN BARRANQUILLA LTDA,"Cra. 43 ## 70 - 106,",Privada,(5) 3614600,,,,,, ,0,,-,,0,Atlántico,Barranquilla
608,608,1151,CLINICA LA TRINIDAD LTDA LORICA,CALLE 2 #15 - 72 LORICA CORDOBA,Privada,3218271992,,,,,, ,0,,-,,0,Cordoba,Lorica
609,609,1152,HOSPITAL BOCAGRANDE DE CARTAGENA,, ,,,,,,, ,0,,-,,0,Bolivar,Cartagena
610,610,1153,CLINICA REINA CATALINA DE BARRANQUILLA,,Privada,,,,,,, ,3,,-,,0,Atlántico,Barranquilla
611,611,1154,CLINICA AVIDANTI IBAGUE,Av. 19 #103 - 15,Privada,(8) 2756030,,,,,, ,0,,-,,0,Tolima,Ibague
612,612,1155,CLINICA DE URGENCIAS BUCARAMANGA,CRA 33 # 53 - 27 BARRIO CABECERA DEL LLANO,Privada,(7) 6436131,,,,,, ,0,,-,,0,Santander,BUCARAMANGA
613,613,1156,CLINICA NUEVA EL CARMEN DE BARRANQUILLA,CALLE 34 # 43 -31,Privada,,,,,,, ,0,,-,,0,Atlántico,Barranquilla
614,614,1157,CLINICA SAN MARTIN BARRANQUILLA,Cra. 43 # 70 - 106,Privada,(5) 3133990,,,,,, ,0,,-,,0,Atlántico,Barranquilla
615,615,1158,CLINICA SAN JOSE DE LURUACO,,Privada,,,,,,, ,0,,-,,0,Arauca,Puerto Rondon
616,616,1159,CLINICA LA VIDA IPS,"CALLE 110 # 4 - 30, Atlantico",Privada,315 7376168,,,,,, ,0,,-,,0,Atlántico,Barranquilla
617,617,1160,E.S.E HOSPITAL REGIONAL DE SOGAMOSO," Cl 8 ##11a - 43, Sogamoso, Boyacá",Pública,(8) 7702201,,,,,, ,0,,-,,0,Boyaca,Sogamoso
618,618,1161,HOSPITAL DEPARTAMENTAL DE GRANADA,,Pública,6587800,,,,,, ,0,,-,,0,Meta,Granada
619,619,1162,ESE HOSPITAL FEDERICO LLERAS ACOSTA,"CALLE 57, TOLIMA",Pública,730001,,,,,, ,0,,-,,0,Tolima,Ibague
620,620,1163,VITALEM IPS SAS,Cra 23 # 137 - 57 Barrio Contador Usaquén,Privada,8052448,,,,,, ,0,,-,,0,Bogota,Bogota
621,621,1164,FUNDACION UNIVERSITARIA COMFAMILIAR RISARALDA,"Carrera 5 21-30, Pereira",Privada,(6) 3172400,,,,,, ,0,,-,,0,Risaralda,Pereira
622,622,1165,ESE HOSPITAL JOSE CAYETANO VASQUEZ,"Cra 5 # 26-02, Puerto Boyaca",Pública,7386121,,,,,, ,0,,-,,0,Boyaca,Puerto Boyaca
623,623,1166,CLINICA VALLEDUPAR SA,CALLE 16 # 15 - 15 BRR SANTANA,Privada,(5) 5748550,,,,,, ,0,,-,,0,Cesar,Valledupar
624,624,1167,CLINICA DEL CASANARE,,Privada,,,,,,,Red Sur,4,,-,,0,Casanare,Yopal
625,625,1168,CLINICA DEL CASANARE,,Privada,,,,,,,Red Sur,4,,-,,0,Casanare,Yopal
626,626,1169,E.S.E HOSPITAL SAN CRISTOBAL CIENAGA MAGDALENA,"Cl. 6, Ciénaga, Magdalena",Pública,4240896,,,,,, ,0,,-,,0,Magdalena,Santa Marta
627,627,1170,E.S.E HOSPITAL LOCAL DE PUERTO ASIS,KR 29 # 10 - 10 CAMILO TORRES,Pública,4229148,,,,,, ,0,,-,,0,Putumayo,Puerto Asis
628,628,1171,ESE HOSPITAL REGIONAL DE MIRAFLORES,CALLE 3 # 11 - 60, ,0387330440,,,,,, ,0,,-,,0,Boyaca,Miraflores
629,629,1172,HOSPITAL REGIONAL SAN RAFAEL SAN JUAN DEL CESAR GUAJIRA,"San Juan Del Cesar, La Guajira",Pública,7740883,,,,,, ,2,,-,,0,La Guajira,SAN JUAN DEL CESAR
630,630,1173,E.S.E HOSPITAL NUESTRA SEÑORA DE LOS REMEDIOS,"Cl. 9a #15139, Riohacha, La Guajira",Pública,(5) 7270053,,,,,, ,0,,-,,0,La Guajira,Riohacha
631,631,1174,CLINICA MEDICENTER FICUBO,CRA 23 # 12 - 43 ,Privada,6333130,,,,,, ,0,,-,,0,Casanare,Yopal
632,632,1175,UNIDAD DE SERVICIOS DE SALUD JORGE ELIECER GAITAN,Calle 6 # 4 A 26 ESTE,Pública,3078181,,,,,,Red Sur,0,,-,,0,Bogota,Bogota
633,633,1176,CLINICA GENERAL DEL NORTE SAS - BARRANQUILLA,CARRERA 49 # 70 - 51,Privada,(5) 3564455,,,,,, ,0,,-,,0,Atlántico,Barranquilla
634,634,1177,ESE HOSPITAL SAN RAFAEL DE PACHO,,Pública,,,,,,, ,0,,-,,0,Cundinamarca,Pacho
635,635,1178,CENTRO MEDICO LOUIS PASTEUR,CRA 27 # 8 - 10 BARRIO CENTRO,Privada,2450228,,,,,, ,0,,-,,0,Cundinamarca,Melgar
636,636,1179,UNIDAD DE CRONICOS DE CHAPINERO,, ,,,,,,, ,0,,-,,0,Bogota,Bogota
637,637,1180,CLINICA MONTERIA SA,,Privada,,,,,,, ,3,,-,,0,Cordoba,Monteria
638,638,1181,HOSPITAL SAN RAFAEL DE LETICIA, Avenida Vásquez Cobo - Carrera 10 13-78,Pública,5927826,,,,,,Red Sur,1,,-,,0,Amazonas,Leticia
639,639,1182,GYOMEDICAL RIOHACHA,Cr12 Con Cl 11 A Esq / Riohacha,Privada,7287157,,,,,, ,0,,-,,0,La Guajira,Riohacha
640,640,1183,SAN CRISTOBAL CIENAGA,Calle 5 B Carrera 21,Pública,4100747,,,,,,Red Norte,2,,-,,0,Magdalena,Santa Marta
641,641,1184,ASOCIACION DE CABILDOS Y/O AUTORIDADES TRADICIONALES DE LA GUAJIRA,"Carrera 15 No. 19 - 56, Maicao - La Guajira",Privada,310 621 9006,,,,,, ,0,,-,,0,La Guajira,Maicao
642,642,1185,PROMEDAN IPS S.A,"Cra 48C ##10 Sur10, Medellín, Antioquia",Privada,(4) 4441117,,,,,, ,0,,-,,0,Antioquia,Medellin
643,643,1186,FUNDACION AMIGOS DE LA SALUD,"calle 27#11-35 calle 27#11-35, Montería, Córdoba",Privada,(4) 7817272,,,,,, ,0,,-,,0,Cordoba,Monteria
644,644,1187,HOSPITAL DEPARTAMENTAL TOMAS URIBE URIBE DE TULUA,"Cl. 27 ##38-02, Tuluá, Valle del Cauca",Pública,,,,,,, ,0,,-,,0,Valle del Cauca,Tulua
645,645,1188,HOSPITAL INTERNACIONAL DE COLOMBIA,Km 7 Autopista Bucaramanga,Pública,6393936,,,,,, ,0,,-,,0,Norte de santander,BUCARAMANGA
646,646,1189,USIESE UNIDAD SALUD DE IBAGUE,"Av. Guabinal #71-2, Ibagué, Tolima · 113,21 km",Pública,(8) 2655534,,,,,, ,0,,-,,0,Tolima,Ibague
647,647,1190,E.S.E HOSPITAL HILARIO LUGO SASAIMA,Cra. 4 #8 75,Pública,(1) 8468345,,,,,, ,0,,-,,0,Cundinamarca,SASAIMA
648,648,1191,HOSPITAL REGIONAL DE CHIQUINQUIRA,CARRERA 13 18 60 ,Pública,3133862470,,,,,, ,2,,-,,0,Boyaca,Chiquinquira
649,649,1192,CLINICA MEDICAL S.A.S. SEDE NORTE,,Privada,,,,,,, ,0,,-,,0,Bogota,Bogota
650,650,1193,NUEVA CLINICA EL BARZAL,Cra. 37 35 17,Privada,3114574959,,,,,, ,2,,-,,0,Meta,Villavicencio
651,651,1194,ESE HOSPITAL SANGRADO CORAZON DE JESUS QUINDIO,CRA 4 # 181 A 18 79,Pública,7520200,,,,,,Red Norte,2,,-,,0,Quindio,QUIMBAYA
652,652,1195,SOCIEDAD MEDICA CLINICA MAICAO,CALLE 16 6 41,Privada,7256500,,,,,, ,2,,-,,0,La Guajira,Maicao
653,653,1196,CLINICA MEDICO QUIRURGICA S.A.S. EN CUCUTA,CALLE 16 0 53 ,Privada,(7)5714171,,,,,, ,0,,-,,0,Norte de santander,Cucuta
654,654,1197,FUNDACION CLINICA MATERNO INFANTIL ADEL A DE CHAR,Coolitoral Nevada Pueblito Cra 10,Privada,3207348558,,,,,, ,3,,-,,0,Atlántico,Barranquilla
655,655,1198,HOSPITAL REGIONAL DE DUITAMA,, ,,,,,,, ,0,,-,,0,Boyaca,Duitama
656,656,1199,IPS CAFAM FACATATIVA,CL 4 No. 2-60,Privada,8424042,,,,,, ,0,,-,,0,Cundinamarca,Facatativa
657,657,1200,ESE HOSPITAL REGIONAL DEL VALLE DE TENZA,Vía Sutatenza Km 1,Pública,75403888,,,,,, ,0,,-,,0,Boyaca,Guateque
658,658,1201,ONCOLOGOS DEL OCCIDENTE SAS,AVENIDA CIRCUNVALAR No 1-46,Privada,3310712,,,,,, ,0,,-,,0,Caldas,Manizales
659,659,1202,MEINTEGRAL SAS - DUITAMA,,Privada,,,,,,, ,0,,-,,0,Boyaca,Duitama
660,660,1203,ESE HOSPITAL SAN ANDRES DE TUMACO,"Cl Anzoátegui, Tumaco, Nariño",Pública,7272069,,,,,, ,0,,-,,0,Nariño,Pasto
661,661,1204,UNIDAD INTEGRAL EN SALUD NORTE BARRANQUILLA,"CARRERA 45 75 45, BARRANQUILLA, Atlantico",Privada,3450441,,,,,, ,0,,-,,0,Atlántico,Barranquilla
662,662,1205,CLINICA BOYACA,TRANSVERSAL 29 No9C 41,Privada,7604757,,,,,, ,2,,-,,0,Boyaca,Duitama
663,663,1206,CAS KENNEDY CAFAM,CRA 78 K 37A 53,Privada,3077011,,,,,, ,0,,-,,0,Bogota,Bogota
664,664,1207,ESE HOSPITAL SAN GABRIEL ARCANGEL,CRA 4 N° 1 35,Pública,3102151051,,,,,, ,2,,-,,0,Putumayo,VILLAGARZON
665,665,1208,HOSPITAL UNIVERSITARIO SAN RAFAEL DE TUNJA,"Cra. 11 No 27- 27, Tunja",Pública,(8) 7405030,,,,,, ,0,,-,,0,Boyaca,Tunja
666,666,1209,CRITICAL CARE GROUP IPS,Cra 05 # 05 - 32,Privada,3133073419,,,,,, ,0,,-,,0,Tolima,El Espinal
667,667,1210,CLINICA DE OCCIDENTE DE CALI,AV 5AN No. 19N - 12,Privada,660 3000,,,,,, ,0,,-,,0,Valle del Cauca,Cali
668,668,1211,E.S.E. CENTRO DE SALUD SAN FRANCISCO DE SALES,Cl. 5 #7-2,Pública,8478336,,,,,, ,0,,-,,0,Cundinamarca,SAN FRANCISCO
669,669,1212,SOCIEDAD MEDICA ALCALA,Cra 19 # 135 - 24,Privada,,,,,,, ,0,,-,,0,Bogota,Bogota
670,670,1213,INSTITUTO DE SALUD DE BUCARAMANGA,,Pública,,,,,,, ,0,,-,,0,Santander,BUCARAMANGA
671,671,1214,CORPORACION CLINICA CLINICA PRIMAVERA,,Privada,,,,,,, ,2,,-,,0,Meta,Villavicencio
672,672,1215,ESE HOSPITAL SAN CARLOS SALDAÑA,VIA PURIFICACION KILOMETRO 1 - SALDANA,Pública,57 8 2266052,,,,,, ,0,,-,,0,Tolima,Saldaña
673,673,1216,CENTRO MEDICO COLSUBSIDIO PLAZA DE LAS AMERICAS,Kr 71 D # 6 94 Sur Local 1828 -2818,Privada,,,,,,, ,0,,-,,0,Cundinamarca,Bogota
674,674,1217,CLINICA ERASMO,,Privada,,,,,,, ,3,,-,,0,Cesar,Valledupar
675,675,1218,CENTRO DE ATENCION CAFAM CENTENARIO,Calle 27 # 26 - 24 Sur,Privada,3730200,,,,,, ,0,,-,,0,Bogota,Bogota
676,676,1219,HOSPITAL CENTRO PLANADAS,, ,,,,,,, ,0,,-,,0,Tolima,PLANADAS
677,677,1220,HOSPITAL SAN JUAN BAUTISTA,CALLE 9 # 8-30 ,Pública,,,,,,, ,2,,-,,0,Tolima,CHAPARRAL
678,678,1221,HOSPITAL RAMON MARIA ARANA,CLL 5 7 27,Pública,,,,,,, ,1,,-,,0,Tolima,Murillo
679,679,1222,HOSPITAL CARE & HEALT DE TOCANCIPA,,Pública,,,,,,, ,0,,-,,0,Cundinamarca,Tocancipa
680,680,1223,CLINICA MATERNO INFANTIL CASA DEL NIÑO,CLL 39 # 6-15,Privada,6047890136,,,,,, ,2,,-,,0,Cordoba,Monteria
681,681,1224,ESE HOSPITAL SAN FELIX LA DORADA,Calle 12 # 05 - 20,Pública,(6) 8571888,,,,,, ,0,,-,,0,Caldas,La dorada
682,682,1225,CLINICA ESPECIALIZADA LA CONCEPCION,Calle 38 N° 52-249,Privada,,,,,,, ,0,,-,,0,Sucre,Sincelejo
683,683,1226,UNIDAD DE SERVICIOS DE SALUD PATIO BONITO,Dg. 38 Sur #80,Pública,4399090,,,,,,Red Occidente,1,,-,,0,Bogota,Bogota
684,684,1227,GRUPO CISNE SAS CENTRO DE INVESTIGACIONES DEL SISTEMA NERVIOSO,"Cl. 173a #65-85, Bogotá",Privada,3162702581,,,,,, ,0,,-,,0,Bogota,Bogota
685,685,1228,CLINIA ASOTRAUMA,CRA 4 H BIS 34-01,Privada,608-5153000,,,,,, ,3,,-,,0,Tolima,Ibague
686,686,1229,JARBSALUD IPS,Calle 33 # 15-51,Privada,,,,,,, ,0,,-,,0,Cundinamarca,Bogota
687,687,1230,ESE HOSPITAL DEPARTAMENTAL SAN JUAN DE DIOS DE PUERTO CARREÑO - VICHADA,Cl 18 No 10-43,Pública,,,,,,, ,1,,-,,0,Vichada,Puerto CarreÃƒÂ±o
688,688,1231,UNIDAD MEDICA Y DIAGNOSTICO IPS,Cra 83 # 22b - 203,Privada,3126571465,,,,,, ,0,,-,,0,Bolivar,Cartagena
689,689,1232,ESE HOSPITAL UNIVERSITARIO SAN JOSE DE POPAYAN,,Pública,,,,,,, ,0,,-,,0,Cauca,Popayan
690,690,1233,CLINICA MEDICOS VALLEDUPAR,CALLE 16B 11-33 BARRIO LOPERENA,Privada,,,,,,, ,3,,-,,0,Cesar,Valledupar
691,691,1234,CENTRO MEDICO SURA COLSUBSIDIO PLAZA CENTRAL,,Privada,,,,,,,Red Occidente,2,,-,,0,Bogota,Bogota
692,692,1235,ESE FABIO JARAMILLO LONDOÑO,CRA 12 9B  06,Pública,8 4345673,,,,,, ,1,,-,,0,Caqueta,Florencia
693,693,1236,ESE HOSPITAL SAN JUAN DE DIOS - PUERTO CARREÑO,CLLE 18 # 10-43,Pública,(8) 5654009,,,,,, ,0,,-,,0,Vichada,Puerto CarreÃƒÂ±o
694,694,1237,JUNICAL MEDICA S.A.S. DE GIRARDOT,,Privada,,,,,,, ,0,,-,,0,Cundinamarca,Girardot
